{
  "type": "FeatureCollection",
  "features": [
    {
      "type": "Feature",
      "id": "MQ-0044",
      "geometry": {
        "type": "Polygon",
        "coordinates": [
          [
            [
              69.19021124075608,
              41.20797325088091
            ],
            [
              69.18982566317489,
              41.20839256555716
            ],
            [
              69.18966708896767,
              41.2085453687605
            ],
            [
              69.18951926400116,
              41.20869977599406
            ],
            [
              69.18940565137223,
              41.20879570732337
            ],
            [
              69.18928109816143,
              41.20882349953224
            ],
            [
              69.189188613908,
              41.20879444152194
            ],
            [
              69.18902927972606,
              41.20868842228494
            ],
            [
              69.18898760418507,
              41.20862632084037
            ],
            [
              69.18871370875326,
              41.20826318391118
            ],
            [
              69.18828291806551,
              41.20768756548675
            ],
            [
              69.18794218977318,
              41.20726295183415
            ],
            [
              69.18754117913542,
              41.20679624439714
            ],
            [
              69.18708246431704,
              41.20627780410751
            ],
            [
              69.18655106141915,
              41.20545094191723
            ],
            [
              69.18620758068877,
              41.20480562950716
            ],
            [
              69.1860236299731,
              41.20434343348766
            ],
            [
              69.18595205670287,
              41.20410824561824
            ],
            [
              69.18574443268449,
              41.2036314817402
            ],
            [
              69.18556427196101,
              41.2029875261172
            ],
            [
              69.1854726770397,
              41.20250895285422
            ],
            [
              69.18540873046618,
              41.20192972121541
            ],
            [
              69.18537767930006,
              41.20158574103288
            ],
            [
              69.18537447860271,
              41.2012125057114
            ],
            [
              69.18540727070385,
              41.20065096912885
            ],
            [
              69.18545990928455,
              41.20026952909726
            ],
            [
              69.18555707465896,
              41.19967867971422
            ],
            [
              69.18564153965185,
              41.19915600655896
            ],
            [
              69.1857972886575,
              41.19856392573482
            ],
            [
              69.18603164923367,
              41.19796926630144
            ],
            [
              69.1862192129734,
              41.19752126995868
            ],
            [
              69.18665242462085,
              41.19676384995831
            ],
            [
              69.18688214450026,
              41.19638709859634
            ],
            [
              69.18719889855426,
              41.19594347697345
            ],
            [
              69.18728694153695,
              41.19597850389816
            ],
            [
              69.18741195468515,
              41.19603032673252
            ],
            [
              69.18747185344999,
              41.19609070903294
            ],
            [
              69.1884381756927,
              41.19646464342139
            ],
            [
              69.18888011806636,
              41.19663893829681
            ],
            [
              69.18888520073425,
              41.19664104520336
            ],
            [
              69.1900138305825,
              41.1971193632877
            ],
            [
              69.19135797435223,
              41.19766604011215
            ],
            [
              69.19180498322413,
              41.19785132170279
            ],
            [
              69.19278875254629,
              41.19826552434049
            ],
            [
              69.19343628694917,
              41.19852752401844
            ],
            [
              69.19369252599407,
              41.19863120008187
            ],
            [
              69.19372750100135,
              41.19864535316816
            ],
            [
              69.19406843770282,
              41.19878562530255
            ],
            [
              69.19481533296263,
              41.19909292274962
            ],
            [
              69.1958352612716,
              41.199511615717
            ],
            [
              69.19698299469269,
              41.19998504156989
            ],
            [
              69.19697651155127,
              41.19999497468324
            ],
            [
              69.19692014136888,
              41.20008134660895
            ],
            [
              69.19712825946063,
              41.20020239904986
            ],
            [
              69.1971753823855,
              41.20023476469164
            ],
            [
              69.1973346195494,
              41.20034412914799
            ],
            [
              69.19735801527267,
              41.20036019804628
            ],
            [
              69.19708932288297,
              41.20064713678094
            ],
            [
              69.19556767650467,
              41.20227205381649
            ],
            [
              69.1903046098501,
              41.20789153498741
            ],
            [
              69.19021124075608,
              41.20797325088091
            ]
          ]
        ]
      },
      "properties": {
        "id": "MQ-0044",
        "name": "MQ-0044",
        "type": "project",
        "status": "active",
        "order_no": 28,
        "area_declared_ha": 80.4,
        "area_test_ha": 80.4,
        "area_computed_ha": 80.43,
        "area_mismatch": false,
        "created_at": null,
        "source_kml_id": "ID_00000"
      }
    },
    {
      "type": "Feature",
      "id": "MQ-0048",
      "geometry": {
        "type": "Polygon",
        "coordinates": [
          [
            [
              69.35620033007301,
              41.29327572224108
            ],
            [
              69.35634713814663,
              41.2931241807954
            ],
            [
              69.35636579076521,
              41.29313130887009
            ],
            [
              69.35900298482626,
              41.29419692062057
            ],
            [
              69.35907015006342,
              41.29422405895976
            ],
            [
              69.35989583745513,
              41.29455767487983
            ],
            [
              69.36031530038717,
              41.29476982409355
            ],
            [
              69.36122601152387,
              41.29523041975906
            ],
            [
              69.36131503007697,
              41.29527544037595
            ],
            [
              69.3611310281573,
              41.29532663648379
            ],
            [
              69.36081147315625,
              41.29541554908825
            ],
            [
              69.36069345698577,
              41.29544838526304
            ],
            [
              69.36050083483269,
              41.29548516497181
            ],
            [
              69.36020817179795,
              41.29554104619728
            ],
            [
              69.35978621783762,
              41.29561782484565
            ],
            [
              69.35936407073956,
              41.29573037397378
            ],
            [
              69.35900470510003,
              41.29582618231225
            ],
            [
              69.35834773389509,
              41.29589830169037
            ],
            [
              69.35781953798273,
              41.29590422001528
            ],
            [
              69.3576985358123,
              41.29590557524348
            ],
            [
              69.35739485404228,
              41.29580490965527
            ],
            [
              69.35735656245498,
              41.29586806146448
            ],
            [
              69.35691636011799,
              41.29573997600635
            ],
            [
              69.35635143299203,
              41.29557559862501
            ],
            [
              69.35622634887692,
              41.29553920164584
            ],
            [
              69.35565713858362,
              41.29578525003981
            ],
            [
              69.35559382891569,
              41.29576987478423
            ],
            [
              69.35558753082724,
              41.29576834609984
            ],
            [
              69.35488519470042,
              41.2955977851952
            ],
            [
              69.35481740064256,
              41.29559749970505
            ],
            [
              69.35399903002885,
              41.29559404682646
            ],
            [
              69.35395449155705,
              41.29559385852446
            ],
            [
              69.3540449707708,
              41.29550047077787
            ],
            [
              69.35452184323599,
              41.29500826225068
            ],
            [
              69.35478638451076,
              41.29473520847082
            ],
            [
              69.35482604513054,
              41.29469427213918
            ],
            [
              69.35618387473362,
              41.2932927084949
            ],
            [
              69.35620033007301,
              41.29327572224108
            ]
          ]
        ]
      },
      "properties": {
        "id": "MQ-0048",
        "name": "MQ-0048",
        "type": "project",
        "status": "active",
        "order_no": 12,
        "area_declared_ha": 9.9,
        "area_test_ha": 10,
        "area_computed_ha": 10,
        "area_mismatch": true,
        "created_at": null,
        "source_kml_id": "ID_00001"
      }
    },
    {
      "type": "Feature",
      "id": "MQ-0001",
      "geometry": {
        "type": "Polygon",
        "coordinates": [
          [
            [
              69.33554834735536,
              41.2367478495345
            ],
            [
              69.33780642362045,
              41.23742201036457
            ],
            [
              69.33938726089113,
              41.23806140710112
            ],
            [
              69.34137882138444,
              41.23913032002869
            ],
            [
              69.34269287518542,
              41.24038118695746
            ],
            [
              69.34471076709636,
              41.24269873109522
            ],
            [
              69.346372117671,
              41.24390493773849
            ],
            [
              69.35084135748207,
              41.24615058316871
            ],
            [
              69.35714004781026,
              41.24960266691578
            ],
            [
              69.35799953431454,
              41.25019182063927
            ],
            [
              69.35958290752927,
              41.25151910578722
            ],
            [
              69.36293433051316,
              41.2552855868799
            ],
            [
              69.36395597101107,
              41.25658745480694
            ],
            [
              69.36524256331381,
              41.25759090670274
            ],
            [
              69.36643973012666,
              41.258340839671
            ],
            [
              69.36741335567261,
              41.25860513920834
            ],
            [
              69.370798913739,
              41.25982479903884
            ],
            [
              69.3740856858702,
              41.26132383390493
            ],
            [
              69.37390614588257,
              41.26146509257551
            ],
            [
              69.37390496819125,
              41.26146442068125
            ],
            [
              69.37364745623356,
              41.26166860735432
            ],
            [
              69.36856443801307,
              41.26566739286694
            ],
            [
              69.36761530413503,
              41.26574866991462
            ],
            [
              69.3671997857054,
              41.26578425028284
            ],
            [
              69.36715486814457,
              41.26575258015038
            ],
            [
              69.36506234869141,
              41.26427719464655
            ],
            [
              69.36527432504734,
              41.26411785702184
            ],
            [
              69.36461189747533,
              41.26354025343835
            ],
            [
              69.3638434794796,
              41.26253109314248
            ],
            [
              69.36375539337782,
              41.26256429565021
            ],
            [
              69.36358850526265,
              41.26232055090117
            ],
            [
              69.36230207465663,
              41.26044160991176
            ],
            [
              69.36098309898621,
              41.2585150061496
            ],
            [
              69.35901377988101,
              41.25563821793991
            ],
            [
              69.35729665021543,
              41.25312959168176
            ],
            [
              69.35682697954385,
              41.25244339176375
            ],
            [
              69.35673517172182,
              41.25230925692038
            ],
            [
              69.35672445661712,
              41.25229446101532
            ],
            [
              69.35672198086019,
              41.25229126315975
            ],
            [
              69.35652973599947,
              41.25204583892693
            ],
            [
              69.35652360230273,
              41.25203822415185
            ],
            [
              69.35632337231749,
              41.25179646488026
            ],
            [
              69.35631699068571,
              41.25178896759057
            ],
            [
              69.35617802310786,
              41.25163006145229
            ],
            [
              69.35573847025283,
              41.25115722008526
            ],
            [
              69.35565614684356,
              41.25107251624458
            ],
            [
              69.35564904566125,
              41.25106539843441
            ],
            [
              69.35541814988713,
              41.25083975081908
            ],
            [
              69.35541081873612,
              41.25083276535809
            ],
            [
              69.35517259720086,
              41.25061149949885
            ],
            [
              69.35516779301072,
              41.25060710951005
            ],
            [
              69.35516503697941,
              41.25060465044081
            ],
            [
              69.35491963431178,
              41.25038790078523
            ],
            [
              69.35491185490145,
              41.25038119826232
            ],
            [
              69.35465942381501,
              41.25016909453117
            ],
            [
              69.35465142431742,
              41.25016253786958
            ],
            [
              69.35439212022077,
              41.24995521316129
            ],
            [
              69.35438391321232,
              41.24994881046707
            ],
            [
              69.35411758339185,
              41.24974615203811
            ],
            [
              69.35379594160433,
              41.24950230474544
            ],
            [
              69.35378928957967,
              41.24949735950791
            ],
            [
              69.35346170723322,
              41.24925853894103
            ],
            [
              69.35345492854609,
              41.24925369229303
            ],
            [
              69.3531212205877,
              41.24901975397275
            ],
            [
              69.35311431254318,
              41.24901500591535
            ],
            [
              69.35306469499677,
              41.24898156418224
            ],
            [
              69.35277460563535,
              41.24878604174986
            ],
            [
              69.35276758080981,
              41.2487813990381
            ],
            [
              69.35242200251328,
              41.24855749283089
            ],
            [
              69.35241790080569,
              41.24855486483347
            ],
            [
              69.3524148564152,
              41.24855295343976
            ],
            [
              69.35206354147724,
              41.24833419507289
            ],
            [
              69.35205628398805,
              41.24832976508208
            ],
            [
              69.35169936895265,
              41.24811623160499
            ],
            [
              69.35169199108921,
              41.2481119056124
            ],
            [
              69.35132960980528,
              41.24790368555613
            ],
            [
              69.35132212504232,
              41.2478994723431
            ],
            [
              69.35095441405383,
              41.24769664208124
            ],
            [
              69.35094682059473,
              41.24769253759634
            ],
            [
              69.3505739254287,
              41.24749517687908
            ],
            [
              69.35056622866337,
              41.24749118720206
            ],
            [
              69.35019946449916,
              41.2473050398269
            ],
            [
              69.34992071277492,
              41.24714562027094
            ],
            [
              69.34991125890488,
              41.24714034862779
            ],
            [
              69.34961645428652,
              41.24698021812774
            ],
            [
              69.3496068324315,
              41.24697512545772
            ],
            [
              69.34930689483961,
              41.24682052153169
            ],
            [
              69.34929710859289,
              41.24681560918686
            ],
            [
              69.34899221858882,
              41.24666662643466
            ],
            [
              69.34898227334033,
              41.24666189576724
            ],
            [
              69.34867261597707,
              41.24651862473557
            ],
            [
              69.34866251891324,
              41.24651408115022
            ],
            [
              69.34834792620579,
              41.2463764550106
            ],
            [
              69.34833804294107,
              41.24637225790927
            ],
            [
              69.34801941679798,
              41.24624066439453
            ],
            [
              69.34800903496826,
              41.24623650173135
            ],
            [
              69.34768621189616,
              41.24611087333587
            ],
            [
              69.3476756980141,
              41.24610690383724
            ],
            [
              69.34734887654069,
              41.24598731354307
            ],
            [
              69.34733823779277,
              41.24598354193811
            ],
            [
              69.34700761105582,
              41.2458700620507
            ],
            [
              69.34699685552691,
              41.24586649036679
            ],
            [
              69.34666263013895,
              41.24575918778691
            ],
            [
              69.3466517551341,
              41.24575581467425
            ],
            [
              69.34631412782613,
              41.24565475900295
            ],
            [
              69.34630315041336,
              41.24565158986604
            ],
            [
              69.34596146451695,
              41.24555660011666
            ],
            [
              69.34595125336712,
              41.24555387608679
            ],
            [
              69.3456074447517,
              41.24546548588145
            ],
            [
              69.34559626970957,
              41.24546272875137
            ],
            [
              69.34540918297523,
              41.24541848091796
            ],
            [
              69.34479783450863,
              41.24526204354683
            ],
            [
              69.34397751455073,
              41.24504684724156
            ],
            [
              69.34269501856568,
              41.24470509242217
            ],
            [
              69.3414144485686,
              41.24435852595388
            ],
            [
              69.34015755367084,
              41.24401312415154
            ],
            [
              69.33994683136308,
              41.24393635976706
            ],
            [
              69.3397250948116,
              41.24384876103077
            ],
            [
              69.33950727401646,
              41.24375577746013
            ],
            [
              69.33929356750531,
              41.24365749278851
            ],
            [
              69.33908423489127,
              41.2435540251967
            ],
            [
              69.33887946661721,
              41.24344547395229
            ],
            [
              69.33867947288887,
              41.2433319457524
            ],
            [
              69.33848449445476,
              41.24321357971562
            ],
            [
              69.33829469211334,
              41.24309047443299
            ],
            [
              69.33811028774844,
              41.24296276969833
            ],
            [
              69.33793152660016,
              41.24283063705229
            ],
            [
              69.33775853443265,
              41.24269417238403
            ],
            [
              69.3375914837224,
              41.24255350805784
            ],
            [
              69.33743060443815,
              41.24240883655484
            ],
            [
              69.3372760636666,
              41.24226031320634
            ],
            [
              69.33712339588236,
              41.24210333600359
            ],
            [
              69.33712062907128,
              41.24210052064117
            ],
            [
              69.33442274482962,
              41.23938218772476
            ],
            [
              69.33440637842347,
              41.23936661071731
            ],
            [
              69.33439823070384,
              41.2393594754199
            ],
            [
              69.33424244756222,
              41.23922655798737
            ],
            [
              69.33422947139793,
              41.23921592425683
            ],
            [
              69.33406674697413,
              41.23908783231874
            ],
            [
              69.33405321026109,
              41.23907759711189
            ],
            [
              69.33388380326987,
              41.23895453740291
            ],
            [
              69.33386974373737,
              41.23894472841787
            ],
            [
              69.33369393355478,
              41.23882689889168
            ],
            [
              69.33368383649102,
              41.23882031880024
            ],
            [
              69.33367935569436,
              41.23881751545548
            ],
            [
              69.33349742169649,
              41.23870510866185
            ],
            [
              69.33348236233905,
              41.23869617847274
            ],
            [
              69.33329460007164,
              41.2385893734513
            ],
            [
              69.3332790744886,
              41.23858090394231
            ],
            [
              69.33308578578553,
              41.23847987297748
            ],
            [
              69.3330698263162,
              41.23847188374071
            ],
            [
              69.33287132289293,
              41.23837678628158
            ],
            [
              69.33285495289353,
              41.23836928812759
            ],
            [
              69.33265118444434,
              41.23828011879811
            ],
            [
              69.33263478390221,
              41.23827327722911
            ],
            [
              69.33242681582911,
              41.23819050553609
            ],
            [
              69.33240970382123,
              41.23818402265424
            ],
            [
              69.33219750558146,
              41.2381076148481
            ],
            [
              69.33218005850199,
              41.23810165480446
            ],
            [
              69.33196396786211,
              41.23803173452828
            ],
            [
              69.33194620996557,
              41.23802630475538
            ],
            [
              69.33172657547185,
              41.23796298957097
            ],
            [
              69.33171953806992,
              41.23796100828956
            ],
            [
              69.33170855257232,
              41.2379581056074
            ],
            [
              69.33149354440232,
              41.23790347747042
            ],
            [
              69.33121734748674,
              41.23782519343114
            ],
            [
              69.33140451506947,
              41.23755127759088
            ],
            [
              69.33167065893869,
              41.2371772416038
            ],
            [
              69.33183974523136,
              41.23694883041981
            ],
            [
              69.33194505473212,
              41.23680657232229
            ],
            [
              69.3322275775839,
              41.23643944341487
            ],
            [
              69.3323093090034,
              41.23633720196707
            ],
            [
              69.33251888506088,
              41.23607503146624
            ],
            [
              69.33278249298604,
              41.23575140368834
            ],
            [
              69.33554834735536,
              41.2367478495345
            ]
          ]
        ]
      },
      "properties": {
        "id": "MQ-0001",
        "name": "MQ-0001",
        "type": "project",
        "status": "active",
        "order_no": 1,
        "area_declared_ha": 150,
        "area_test_ha": 150,
        "area_computed_ha": 150.1,
        "area_mismatch": false,
        "created_at": null,
        "source_kml_id": "ID_00002"
      }
    },
    {
      "type": "Feature",
      "id": "MQ-0002",
      "geometry": {
        "type": "Polygon",
        "coordinates": [
          [
            [
              69.33785951674867,
              41.20693049021965
            ],
            [
              69.34725079757962,
              41.21380044814424
            ],
            [
              69.34724459381427,
              41.21381048322805
            ],
            [
              69.34723757707361,
              41.21382690156793
            ],
            [
              69.34714990689179,
              41.21408014664016
            ],
            [
              69.34695274644983,
              41.21484488870678
            ],
            [
              69.34548165366247,
              41.21417730469271
            ],
            [
              69.34543056108235,
              41.21415411803284
            ],
            [
              69.34537447746254,
              41.21428341099282
            ],
            [
              69.34535378926155,
              41.21433110599502
            ],
            [
              69.34189124198205,
              41.21391984256588
            ],
            [
              69.34147657785029,
              41.21387058354928
            ],
            [
              69.34142500017992,
              41.21386445640998
            ],
            [
              69.34132992967677,
              41.21385316306426
            ],
            [
              69.34118539074757,
              41.21379332492321
            ],
            [
              69.33906914678776,
              41.21291718512141
            ],
            [
              69.33897940239594,
              41.21305106563258
            ],
            [
              69.33669993185407,
              41.21230311664832
            ],
            [
              69.33580092307052,
              41.2120308988903
            ],
            [
              69.33578552325162,
              41.21202623126695
            ],
            [
              69.33576692004038,
              41.21205756860381
            ],
            [
              69.33576268358551,
              41.21206470755677
            ],
            [
              69.33564173890723,
              41.21226850933417
            ],
            [
              69.33463633905137,
              41.21198053219612
            ],
            [
              69.33430159443714,
              41.21188464946245
            ],
            [
              69.33426725184384,
              41.2118748127635
            ],
            [
              69.33422848504777,
              41.21187578791859
            ],
            [
              69.33422674680767,
              41.21186376303207
            ],
            [
              69.33394129814299,
              41.20988862345935
            ],
            [
              69.33392982216525,
              41.20980921445138
            ],
            [
              69.33392090458942,
              41.20974751009238
            ],
            [
              69.33391419686919,
              41.20970108834526
            ],
            [
              69.33343844909471,
              41.20640890428452
            ],
            [
              69.33337339939007,
              41.20595870704026
            ],
            [
              69.33325243584714,
              41.20512161246046
            ],
            [
              69.33318709957992,
              41.2046693774351
            ],
            [
              69.33317638896679,
              41.20415309724876
            ],
            [
              69.33342392603154,
              41.2040253772804
            ],
            [
              69.33535118062521,
              41.20463048114343
            ],
            [
              69.3379072190869,
              41.20661316838132
            ],
            [
              69.33787300225774,
              41.20690602433995
            ],
            [
              69.33785951674867,
              41.20693049021965
            ]
          ]
        ]
      },
      "properties": {
        "id": "MQ-0002",
        "name": "MQ-0002",
        "type": "project",
        "status": "active",
        "order_no": 2,
        "area_declared_ha": 58,
        "area_test_ha": 58,
        "area_computed_ha": 58.07,
        "area_mismatch": false,
        "created_at": null,
        "source_kml_id": "ID_00003"
      }
    },
    {
      "type": "Feature",
      "id": "MQ-0004",
      "geometry": {
        "type": "Polygon",
        "coordinates": [
          [
            [
              69.33965226749321,
              41.30690573975462
            ],
            [
              69.3400549714553,
              41.30699010326963
            ],
            [
              69.3426151089296,
              41.30920311659211
            ],
            [
              69.34257994437779,
              41.30926225130599
            ],
            [
              69.34244911373982,
              41.30948226576349
            ],
            [
              69.342610676642,
              41.30962404573213
            ],
            [
              69.34261821171057,
              41.30963065917666
            ],
            [
              69.34294243256126,
              41.30988763358796
            ],
            [
              69.34339100001014,
              41.31019737037588
            ],
            [
              69.34391948697662,
              41.3105091151374
            ],
            [
              69.34455015281512,
              41.31086159905895
            ],
            [
              69.34470643991163,
              41.31094894798622
            ],
            [
              69.34612103765076,
              41.31173954788994
            ],
            [
              69.34703439791927,
              41.31224999603968
            ],
            [
              69.34997566990738,
              41.3138936669572
            ],
            [
              69.34987400217679,
              41.31399635646967
            ],
            [
              69.34968893934678,
              41.31418327722761
            ],
            [
              69.34968655521801,
              41.31418573592644
            ],
            [
              69.34940631318874,
              41.31448050517471
            ],
            [
              69.34940399194204,
              41.31448299759844
            ],
            [
              69.34913135594824,
              41.31478180099739
            ],
            [
              69.3491302186811,
              41.31478305867376
            ],
            [
              69.3488233865194,
              41.31512638923685
            ],
            [
              69.34801284202841,
              41.31603332538716
            ],
            [
              69.34777713218271,
              41.31629706207678
            ],
            [
              69.34774679068566,
              41.31633101044351
            ],
            [
              69.34741189695113,
              41.31670571851625
            ],
            [
              69.34685127724691,
              41.31733297588177
            ],
            [
              69.3467383877618,
              41.31726391970177
            ],
            [
              69.34670901554695,
              41.3172447590817
            ],
            [
              69.3465353397615,
              41.31713146781134
            ],
            [
              69.34633652282616,
              41.31699324295157
            ],
            [
              69.34554869672876,
              41.31642786331751
            ],
            [
              69.34375227367136,
              41.3151386103576
            ],
            [
              69.34368620797207,
              41.31509119606662
            ],
            [
              69.3431629527938,
              41.31470547268308
            ],
            [
              69.34282615732582,
              41.31496091167588
            ],
            [
              69.34059789345007,
              41.31665083846377
            ],
            [
              69.33929295395595,
              41.31764045284392
            ],
            [
              69.33739535544476,
              41.31626013959819
            ],
            [
              69.33718042632648,
              41.3161037997523
            ],
            [
              69.33510077793473,
              41.314590958453
            ],
            [
              69.33494814159155,
              41.31447801477508
            ],
            [
              69.33494507833642,
              41.31447582327729
            ],
            [
              69.33510596660379,
              41.31435017165794
            ],
            [
              69.33631527235107,
              41.31340569018004
            ],
            [
              69.33625717830165,
              41.31336294378634
            ],
            [
              69.33618707198028,
              41.31331135767125
            ],
            [
              69.3350774082626,
              41.31249482622883
            ],
            [
              69.33528945289048,
              41.31231742667404
            ],
            [
              69.3353076204188,
              41.31230451745947
            ],
            [
              69.3359793841815,
              41.3118272141228
            ],
            [
              69.33599298467492,
              41.31181755035757
            ],
            [
              69.33687448349691,
              41.31176171209258
            ],
            [
              69.33757117730542,
              41.31171757530903
            ],
            [
              69.33774506150002,
              41.31155111475201
            ],
            [
              69.3383256345833,
              41.31099531536627
            ],
            [
              69.33841706151965,
              41.31090778903944
            ],
            [
              69.33847357453418,
              41.31085368615206
            ],
            [
              69.33849604409438,
              41.31083217548314
            ],
            [
              69.33854091224788,
              41.31078922159997
            ],
            [
              69.33849921604563,
              41.31074419954654
            ],
            [
              69.33823668160724,
              41.31046072379495
            ],
            [
              69.3379324518649,
              41.30987513752616
            ],
            [
              69.33804653790598,
              41.30864681809324
            ],
            [
              69.3379330743974,
              41.30846215211029
            ],
            [
              69.33795245465134,
              41.30844535267366
            ],
            [
              69.33810931397468,
              41.30830938882225
            ],
            [
              69.33811510541331,
              41.30830429216292
            ],
            [
              69.33815028074487,
              41.30827286804074
            ],
            [
              69.33846578075077,
              41.30799101385911
            ],
            [
              69.33847091372432,
              41.30798635038973
            ],
            [
              69.33881480588308,
              41.30766967027801
            ],
            [
              69.3388176113217,
              41.30766706490339
            ],
            [
              69.33926307958288,
              41.30725054304939
            ],
            [
              69.33947060298992,
              41.30705650285306
            ],
            [
              69.33958228693592,
              41.30695481190973
            ],
            [
              69.33965226749321,
              41.30690573975462
            ]
          ]
        ]
      },
      "properties": {
        "id": "MQ-0004",
        "name": "MQ-0004",
        "type": "project",
        "status": "active",
        "order_no": 19,
        "area_declared_ha": 73.5,
        "area_test_ha": 73.5,
        "area_computed_ha": 73.53,
        "area_mismatch": false,
        "created_at": null,
        "source_kml_id": "ID_00004"
      }
    },
    {
      "type": "Feature",
      "id": "MQ-0005",
      "geometry": {
        "type": "Polygon",
        "coordinates": [
          [
            [
              69.46760305848676,
              41.33722137737661
            ],
            [
              69.46748795016288,
              41.33729056281814
            ],
            [
              69.46736715909654,
              41.33737102220724
            ],
            [
              69.46708464073632,
              41.33753802722646
            ],
            [
              69.4654905434337,
              41.33851722619899
            ],
            [
              69.46506136791682,
              41.33811568670705
            ],
            [
              69.46471764374301,
              41.33767618490145
            ],
            [
              69.46439971289598,
              41.33734130235912
            ],
            [
              69.45621524229243,
              41.33636213696919
            ],
            [
              69.45610395989337,
              41.33634470462687
            ],
            [
              69.45488371356424,
              41.33707829429846
            ],
            [
              69.45480392340409,
              41.33701240350986
            ],
            [
              69.4517348310325,
              41.33428585316659
            ],
            [
              69.4519550179901,
              41.33377966790116
            ],
            [
              69.45186085388707,
              41.33372761633666
            ],
            [
              69.45087663900057,
              41.33318355601285
            ],
            [
              69.44903248216389,
              41.33235224687029
            ],
            [
              69.44748742748591,
              41.33139164084914
            ],
            [
              69.44488145886413,
              41.32996580262989
            ],
            [
              69.44459416146658,
              41.32980860254002
            ],
            [
              69.44466844405576,
              41.32970237286695
            ],
            [
              69.4449258787583,
              41.32933421605062
            ],
            [
              69.44512751999689,
              41.32906332567489
            ],
            [
              69.44512864558591,
              41.32906179372363
            ],
            [
              69.44525510681837,
              41.32888738444551
            ],
            [
              69.44525729331777,
              41.32888428815517
            ],
            [
              69.44537857396594,
              41.3287077986875
            ],
            [
              69.44538066704057,
              41.32870466731069
            ],
            [
              69.44549670871402,
              41.32852618802954
            ],
            [
              69.44549870836383,
              41.3285230235898
            ],
            [
              69.44553913344996,
              41.32845718081169
            ],
            [
              69.44619651249003,
              41.32751701266982
            ],
            [
              69.44619856154716,
              41.32751400535984
            ],
            [
              69.44648968127626,
              41.32707505669434
            ],
            [
              69.44655528613976,
              41.32697613650018
            ],
            [
              69.44657731193222,
              41.32694292493733
            ],
            [
              69.44662963879752,
              41.32686402649539
            ],
            [
              69.44665602231741,
              41.32682424635003
            ],
            [
              69.44694485313913,
              41.3264296796097
            ],
            [
              69.4465731194948,
              41.32628401744233
            ],
            [
              69.44639443829658,
              41.32622193667331
            ],
            [
              69.44581698955385,
              41.32602130676061
            ],
            [
              69.4456568729393,
              41.32596567494904
            ],
            [
              69.44550133773267,
              41.32590930912102
            ],
            [
              69.44532711577153,
              41.32583984377343
            ],
            [
              69.44515790012146,
              41.32576496869152
            ],
            [
              69.44499325869282,
              41.32568452802265
            ],
            [
              69.44483350589594,
              41.32559867285815
            ],
            [
              69.44467893278501,
              41.3255075623841
            ],
            [
              69.44452735645386,
              41.32540976708194
            ],
            [
              69.44403656818659,
              41.32507864518216
            ],
            [
              69.44281995284787,
              41.32425780730316
            ],
            [
              69.44281609099043,
              41.32425523902105
            ],
            [
              69.44264636419898,
              41.32414464695693
            ],
            [
              69.44264303055094,
              41.32414250705546
            ],
            [
              69.44263846261774,
              41.32413967431691
            ],
            [
              69.44246378521075,
              41.32403355615852
            ],
            [
              69.44245565006753,
              41.32402878724624
            ],
            [
              69.44227622147098,
              41.32392727659214
            ],
            [
              69.44226787522368,
              41.32392272152804
            ],
            [
              69.44208391013495,
              41.32382593848401
            ],
            [
              69.44207965930703,
              41.32382374595124
            ],
            [
              69.4419438178664,
              41.32375487070212
            ],
            [
              69.44079108891403,
              41.32316796419325
            ],
            [
              69.44078015821367,
              41.32316230267905
            ],
            [
              69.44054956157855,
              41.32303770066937
            ],
            [
              69.44032230038806,
              41.3229096719507
            ],
            [
              69.44009729666391,
              41.32277757829693
            ],
            [
              69.43897997211353,
              41.32210806174509
            ],
            [
              69.43717898291953,
              41.32102882872937
            ],
            [
              69.43688859531741,
              41.32085480206806
            ],
            [
              69.43328523621882,
              41.31869530511778
            ],
            [
              69.4289122949079,
              41.31607424090261
            ],
            [
              69.4285723194038,
              41.31587044977778
            ],
            [
              69.42824950980646,
              41.31567694666643
            ],
            [
              69.42793592500875,
              41.31548459471367
            ],
            [
              69.42778042663308,
              41.31538474606262
            ],
            [
              69.42720420139575,
              41.31499819518917
            ],
            [
              69.42703429673787,
              41.31487875400745
            ],
            [
              69.42687088600117,
              41.31475858728363
            ],
            [
              69.42683934255828,
              41.31473539245373
            ],
            [
              69.4267460165834,
              41.31466676061958
            ],
            [
              69.42665551401349,
              41.31459714564472
            ],
            [
              69.42620697980222,
              41.31489529471876
            ],
            [
              69.42615319946279,
              41.31491780397861
            ],
            [
              69.42606864463836,
              41.31494742070368
            ],
            [
              69.4259814775131,
              41.31497238659057
            ],
            [
              69.42589214814294,
              41.31499257614714
            ],
            [
              69.42580112814339,
              41.31500787602553
            ],
            [
              69.42571346963966,
              41.3150176999004
            ],
            [
              69.42563129085916,
              41.3150204736604
            ],
            [
              69.42554663542339,
              41.31501782067465
            ],
            [
              69.42547493010078,
              41.31501086974361
            ],
            [
              69.42526512048136,
              41.31489754625237
            ],
            [
              69.42518197960517,
              41.31485264106357
            ],
            [
              69.42476599854318,
              41.31462795407216
            ],
            [
              69.42474823615507,
              41.31461835954363
            ],
            [
              69.42474807445832,
              41.31461826508275
            ],
            [
              69.42469604763032,
              41.31459016363163
            ],
            [
              69.42442757263292,
              41.3144549358976
            ],
            [
              69.42283365140014,
              41.31365206116222
            ],
            [
              69.42283195178761,
              41.31365120560361
            ],
            [
              69.42296910297192,
              41.31359797404698
            ],
            [
              69.42298168836906,
              41.31358985770338
            ],
            [
              69.42400660681945,
              41.31292887936794
            ],
            [
              69.42446075460292,
              41.31263598833043
            ],
            [
              69.42453265306331,
              41.31258961874356
            ],
            [
              69.42501042474211,
              41.31227864031987
            ],
            [
              69.42501687734078,
              41.31227279567857
            ],
            [
              69.42518897209133,
              41.31211691521818
            ],
            [
              69.42527267980446,
              41.31193415308324
            ],
            [
              69.42533058880092,
              41.3118376174121
            ],
            [
              69.42564073035616,
              41.31146809045127
            ],
            [
              69.42611065884421,
              41.31102792440069
            ],
            [
              69.42646064517383,
              41.31075175416871
            ],
            [
              69.42692090329786,
              41.31046663877411
            ],
            [
              69.42718372789211,
              41.31032475132585
            ],
            [
              69.42732428279307,
              41.31027939426787
            ],
            [
              69.4274940796531,
              41.31022460124795
            ],
            [
              69.42765916754446,
              41.31007913835347
            ],
            [
              69.42790081615249,
              41.30986621774278
            ],
            [
              69.42821850175949,
              41.30958629692574
            ],
            [
              69.42830293441304,
              41.30949514989546
            ],
            [
              69.4286098635928,
              41.30916380273366
            ],
            [
              69.42877714696668,
              41.30934966445548
            ],
            [
              69.42880715608705,
              41.30945749683235
            ],
            [
              69.42881930130972,
              41.30948762819163
            ],
            [
              69.42883302846555,
              41.30951006914228
            ],
            [
              69.42883309044932,
              41.30951017305742
            ],
            [
              69.42883897980433,
              41.30951980410078
            ],
            [
              69.42898312796636,
              41.30971338082067
            ],
            [
              69.42898361664989,
              41.30971465816317
            ],
            [
              69.42898367234545,
              41.30971480458854
            ],
            [
              69.42905377327698,
              41.30989766134008
            ],
            [
              69.42907161112355,
              41.30994419073764
            ],
            [
              69.42907840418371,
              41.30995974821313
            ],
            [
              69.42908275921621,
              41.30996801818127
            ],
            [
              69.42910710086551,
              41.31001224656826
            ],
            [
              69.4292045797519,
              41.31018936022201
            ],
            [
              69.42921599733918,
              41.31021009917031
            ],
            [
              69.42925747345417,
              41.31030443616672
            ],
            [
              69.42934892644163,
              41.31040617451732
            ],
            [
              69.42936531440739,
              41.31041689112404
            ],
            [
              69.42946959982872,
              41.31048508343822
            ],
            [
              69.42950106871142,
              41.31050566102398
            ],
            [
              69.42955644266216,
              41.31053497745984
            ],
            [
              69.42974582279543,
              41.31062788214108
            ],
            [
              69.42989606333175,
              41.31075654766914
            ],
            [
              69.42992776038656,
              41.3107836919383
            ],
            [
              69.42996124239382,
              41.31081236655223
            ],
            [
              69.42997240665618,
              41.31082092723373
            ],
            [
              69.42998357361346,
              41.31082948791418
            ],
            [
              69.43023233508195,
              41.31100157847217
            ],
            [
              69.43034810097261,
              41.3110604362537
            ],
            [
              69.43072678937389,
              41.31117138654963
            ],
            [
              69.43075882778851,
              41.31118077376054
            ],
            [
              69.43076624787275,
              41.31118281827225
            ],
            [
              69.43080321624166,
              41.31119078714394
            ],
            [
              69.4308518725907,
              41.31119881404366
            ],
            [
              69.43116516723255,
              41.31125049697103
            ],
            [
              69.43155615716331,
              41.31179229784318
            ],
            [
              69.43222299097178,
              41.31216286612384
            ],
            [
              69.43313279930163,
              41.31271729662833
            ],
            [
              69.43470817212045,
              41.3133444243663
            ],
            [
              69.43579590167381,
              41.3140949758722
            ],
            [
              69.43857526221342,
              41.3159818621578
            ],
            [
              69.43955749002654,
              41.31645949671464
            ],
            [
              69.44031064564558,
              41.31689387227303
            ],
            [
              69.4406865798122,
              41.31740991778767
            ],
            [
              69.44136764293475,
              41.31819757530122
            ],
            [
              69.44204517388158,
              41.31845973392572
            ],
            [
              69.44458928271628,
              41.31934450188424
            ],
            [
              69.4463560245384,
              41.32014798656511
            ],
            [
              69.44797794266535,
              41.32155373472823
            ],
            [
              69.44886765298733,
              41.32248494874741
            ],
            [
              69.45038538450767,
              41.3241999538064
            ],
            [
              69.45132161049338,
              41.32569257607415
            ],
            [
              69.45238008191792,
              41.32715662895941
            ],
            [
              69.45420794511197,
              41.32843135460701
            ],
            [
              69.45557944078547,
              41.32939382628535
            ],
            [
              69.45562012907797,
              41.32942237871038
            ],
            [
              69.45620967273766,
              41.32971527391378
            ],
            [
              69.45689681386145,
              41.33005664986216
            ],
            [
              69.45772060670622,
              41.33046590537248
            ],
            [
              69.45946937323947,
              41.33030565208912
            ],
            [
              69.460756922248,
              41.33101053950154
            ],
            [
              69.46275978714084,
              41.33201741182994
            ],
            [
              69.46294612917183,
              41.33277884638792
            ],
            [
              69.4627238194952,
              41.33328017473773
            ],
            [
              69.46766773539058,
              41.33717610243784
            ],
            [
              69.46763848893987,
              41.33719657514516
            ],
            [
              69.46760305848676,
              41.33722137737661
            ]
          ]
        ]
      },
      "properties": {
        "id": "MQ-0005",
        "name": "MQ-0005",
        "type": "project",
        "status": "active",
        "order_no": 20,
        "area_declared_ha": 245,
        "area_test_ha": 245,
        "area_computed_ha": 245.24,
        "area_mismatch": false,
        "created_at": null,
        "source_kml_id": "ID_00005"
      }
    },
    {
      "type": "Feature",
      "id": "MQ-0007",
      "geometry": {
        "type": "Polygon",
        "coordinates": [
          [
            [
              69.33225214201536,
              41.3493634599729
            ],
            [
              69.33189040212855,
              41.34904100739477
            ],
            [
              69.33139090199964,
              41.34856358806385
            ],
            [
              69.33093689435336,
              41.34814456196764
            ],
            [
              69.33064195678433,
              41.34790491679085
            ],
            [
              69.32905193154492,
              41.34643950935089
            ],
            [
              69.32819420753522,
              41.34567378884827
            ],
            [
              69.32795732628638,
              41.34543105998012
            ],
            [
              69.32821986880964,
              41.34528004777038
            ],
            [
              69.3287210002791,
              41.34499809735306
            ],
            [
              69.32955600050536,
              41.34452829012934
            ],
            [
              69.32956063042234,
              41.34452552841592
            ],
            [
              69.32956264354686,
              41.344524393382
            ],
            [
              69.33279413245721,
              41.3425485613896
            ],
            [
              69.33279679326706,
              41.34254690566006
            ],
            [
              69.33280498949571,
              41.34254144006616
            ],
            [
              69.33284861527916,
              41.34251078174486
            ],
            [
              69.3328617351739,
              41.34251121338129
            ],
            [
              69.33288776924915,
              41.34251035685271
            ],
            [
              69.33291360300008,
              41.34250779333669
            ],
            [
              69.33293627827449,
              41.34250400505202
            ],
            [
              69.33313420947096,
              41.34240241392548
            ],
            [
              69.33357729539999,
              41.34209103281705
            ],
            [
              69.33407564658363,
              41.34179201067212
            ],
            [
              69.33408292832735,
              41.34179866941214
            ],
            [
              69.33415734925704,
              41.34186677223842
            ],
            [
              69.33436633512136,
              41.34205802252308
            ],
            [
              69.3344878699928,
              41.34216924310336
            ],
            [
              69.33586186837266,
              41.34342660266547
            ],
            [
              69.33595492575125,
              41.34337529123363
            ],
            [
              69.33600403485121,
              41.34334588705783
            ],
            [
              69.33622785818909,
              41.3432118729359
            ],
            [
              69.33643132031274,
              41.34309004946321
            ],
            [
              69.3365466855548,
              41.34301999747424
            ],
            [
              69.33658396114751,
              41.34305486127858
            ],
            [
              69.33668604928965,
              41.34299320249602
            ],
            [
              69.3366972836206,
              41.343003709393
            ],
            [
              69.33687823486156,
              41.34289382965193
            ],
            [
              69.33692010174367,
              41.34286840640894
            ],
            [
              69.33712012421809,
              41.34274694446236
            ],
            [
              69.33712477479632,
              41.34274412062586
            ],
            [
              69.33707282971504,
              41.34269530067535
            ],
            [
              69.33746992549477,
              41.3424541645051
            ],
            [
              69.3374103294622,
              41.34239842465362
            ],
            [
              69.33738950920888,
              41.3423789517428
            ],
            [
              69.33737884530812,
              41.34236897687298
            ],
            [
              69.33740559264571,
              41.34233874471258
            ],
            [
              69.33770434715636,
              41.34215314365137
            ],
            [
              69.33773638826594,
              41.3421388651721
            ],
            [
              69.33725462627062,
              41.34168194678756
            ],
            [
              69.33666772904775,
              41.34112530501289
            ],
            [
              69.33609385290491,
              41.34058099488217
            ],
            [
              69.33637424674949,
              41.3404127357628
            ],
            [
              69.33682912845653,
              41.34013977231275
            ],
            [
              69.33906171592373,
              41.33879998841148
            ],
            [
              69.33957907276384,
              41.33928901268903
            ],
            [
              69.3396116366929,
              41.33931979258186
            ],
            [
              69.33984876318182,
              41.33954392703875
            ],
            [
              69.34170444181032,
              41.34129786457306
            ],
            [
              69.34192790492375,
              41.34150906383834
            ],
            [
              69.34458016912203,
              41.34401567297319
            ],
            [
              69.34461884069668,
              41.34405221891245
            ],
            [
              69.34461950634834,
              41.34405284409608
            ],
            [
              69.34416161887832,
              41.34434540172794
            ],
            [
              69.3430419892509,
              41.34501217962764
            ],
            [
              69.34192524950377,
              41.34567721344742
            ],
            [
              69.3416440112428,
              41.34584469082605
            ],
            [
              69.3388402165275,
              41.34751427247091
            ],
            [
              69.33866982138946,
              41.34761573288541
            ],
            [
              69.33848231154863,
              41.34772737894701
            ],
            [
              69.33473135475728,
              41.3499607050497
            ],
            [
              69.334368046412,
              41.35017700129828
            ],
            [
              69.33403860185797,
              41.35037314049373
            ],
            [
              69.33382907251287,
              41.35049787836496
            ],
            [
              69.3336293940932,
              41.35062064218067
            ],
            [
              69.33359242392768,
              41.35058942323378
            ],
            [
              69.33225214201536,
              41.3493634599729
            ]
          ]
        ]
      },
      "properties": {
        "id": "MQ-0007",
        "name": "MQ-0007",
        "type": "project",
        "status": "active",
        "order_no": 21,
        "area_declared_ha": 83,
        "area_test_ha": 83,
        "area_computed_ha": 83.04,
        "area_mismatch": false,
        "created_at": null,
        "source_kml_id": "ID_00006"
      }
    },
    {
      "type": "Feature",
      "id": "MQ-0011",
      "geometry": {
        "type": "Polygon",
        "coordinates": [
          [
            [
              69.26901850027086,
              41.28035186743283
            ],
            [
              69.26910291136485,
              41.28024067500537
            ],
            [
              69.26912285396418,
              41.28024002085625
            ],
            [
              69.26914350174096,
              41.2802379699739
            ],
            [
              69.26916383510743,
              41.28023456961341
            ],
            [
              69.26918369685835,
              41.28022984610267
            ],
            [
              69.26920293787342,
              41.28022383252012
            ],
            [
              69.26922141082893,
              41.28021657882105
            ],
            [
              69.26923733167072,
              41.280208998384
            ],
            [
              69.26925240899445,
              41.28020049714118
            ],
            [
              69.27090563520566,
              41.27918917550991
            ],
            [
              69.27187031981961,
              41.27859902565133
            ],
            [
              69.27207886191619,
              41.27847144501415
            ],
            [
              69.27217823624787,
              41.27841065067555
            ],
            [
              69.27247158559545,
              41.27823118644065
            ],
            [
              69.27250144649385,
              41.27821291898119
            ],
            [
              69.2729013333392,
              41.27866046385302
            ],
            [
              69.27301580835079,
              41.27878858081841
            ],
            [
              69.27358822832457,
              41.27942920237825
            ],
            [
              69.27359464678727,
              41.27943638055531
            ],
            [
              69.27438070949178,
              41.28031607222872
            ],
            [
              69.27535123764665,
              41.28140216413275
            ],
            [
              69.27544609345246,
              41.28150831185814
            ],
            [
              69.27545384142178,
              41.28151698237146
            ],
            [
              69.27547390080208,
              41.28153943092189
            ],
            [
              69.27536617483322,
              41.28160324055006
            ],
            [
              69.27519433610252,
              41.28174470984568
            ],
            [
              69.27486543143597,
              41.2820014093574
            ],
            [
              69.27484295199426,
              41.28202155106781
            ],
            [
              69.2747859889238,
              41.28207259016253
            ],
            [
              69.27470928896821,
              41.28214286901414
            ],
            [
              69.27483786213989,
              41.28227085560834
            ],
            [
              69.27473527812771,
              41.28244178888285
            ],
            [
              69.27471957647484,
              41.28254310896592
            ],
            [
              69.27471914797846,
              41.28254485735232
            ],
            [
              69.27468700446094,
              41.28267489396404
            ],
            [
              69.27468131273531,
              41.2827141724872
            ],
            [
              69.2746937130795,
              41.28273073350869
            ],
            [
              69.27469599749526,
              41.28277833199287
            ],
            [
              69.2752235394341,
              41.28307303125614
            ],
            [
              69.27527886936738,
              41.28310394165931
            ],
            [
              69.27540348546023,
              41.28303300702138
            ],
            [
              69.27548506775936,
              41.28298697415947
            ],
            [
              69.27559676158687,
              41.28292568786632
            ],
            [
              69.27563903091422,
              41.28290264574969
            ],
            [
              69.27591181782499,
              41.28275230205078
            ],
            [
              69.27610443189326,
              41.28264614284773
            ],
            [
              69.276238111089,
              41.28257246699968
            ],
            [
              69.27625736827375,
              41.28256185112539
            ],
            [
              69.27635239026787,
              41.28250929961956
            ],
            [
              69.27635669589304,
              41.28251395951036
            ],
            [
              69.27637927684432,
              41.28250281911029
            ],
            [
              69.27694971513456,
              41.283156677649
            ],
            [
              69.27887921910974,
              41.28524777764818
            ],
            [
              69.27920017368604,
              41.28559560141588
            ],
            [
              69.27954978990977,
              41.28597447750178
            ],
            [
              69.27971112104659,
              41.28615460558431
            ],
            [
              69.27986459461964,
              41.28633668665848
            ],
            [
              69.28001127603079,
              41.28652190670316
            ],
            [
              69.28015209144317,
              41.28671151108415
            ],
            [
              69.28062348688007,
              41.28736748003565
            ],
            [
              69.28071864092655,
              41.28749989654211
            ],
            [
              69.28077263147175,
              41.2875750275282
            ],
            [
              69.28123976619928,
              41.28822505257742
            ],
            [
              69.28178426473738,
              41.28898270518938
            ],
            [
              69.281875247906,
              41.28911349845451
            ],
            [
              69.28180857314898,
              41.28914080225461
            ],
            [
              69.2817933574847,
              41.28914703303541
            ],
            [
              69.28176902931018,
              41.28915699512864
            ],
            [
              69.28158572088994,
              41.28923205805825
            ],
            [
              69.28146715944209,
              41.28928060960093
            ],
            [
              69.28125922550497,
              41.28936575459646
            ],
            [
              69.28124146221853,
              41.289373028878
            ],
            [
              69.28118410388933,
              41.2893965168977
            ],
            [
              69.2811644649206,
              41.28940455862995
            ],
            [
              69.28111289264012,
              41.28942567610346
            ],
            [
              69.27990524428456,
              41.2899201818493
            ],
            [
              69.27856451950278,
              41.29046915130284
            ],
            [
              69.27739229710878,
              41.29094910835508
            ],
            [
              69.27723355311996,
              41.29101410347008
            ],
            [
              69.27712651975216,
              41.29094716850361
            ],
            [
              69.27711928831413,
              41.29094264960799
            ],
            [
              69.27709019637366,
              41.29092446062788
            ],
            [
              69.27698981053898,
              41.29086168403884
            ],
            [
              69.2768269001639,
              41.29075981192426
            ],
            [
              69.27681826465907,
              41.29075335518333
            ],
            [
              69.27625362589227,
              41.2903313869441
            ],
            [
              69.27513917325585,
              41.28949849306311
            ],
            [
              69.27475502040268,
              41.28921138466131
            ],
            [
              69.27284879626812,
              41.28778668105111
            ],
            [
              69.27333228841864,
              41.2873635467945
            ],
            [
              69.27352061033649,
              41.28719873250325
            ],
            [
              69.27408078627293,
              41.28756288291611
            ],
            [
              69.27418251059738,
              41.28762900865468
            ],
            [
              69.27533423433495,
              41.28639259462113
            ],
            [
              69.27452206928321,
              41.28610805853737
            ],
            [
              69.2745143859926,
              41.28610537534955
            ],
            [
              69.27451016930065,
              41.28610389841498
            ],
            [
              69.27451995464904,
              41.286095607195
            ],
            [
              69.27456276027063,
              41.28605934735506
            ],
            [
              69.27461334350599,
              41.28601649258179
            ],
            [
              69.27471077118842,
              41.285913370194
            ],
            [
              69.27464640420337,
              41.28588552300373
            ],
            [
              69.27463895088148,
              41.28588229709221
            ],
            [
              69.27430380831359,
              41.28573725038712
            ],
            [
              69.2743973965965,
              41.28560205731726
            ],
            [
              69.27442608699006,
              41.2855606123635
            ],
            [
              69.27404403439806,
              41.2854241424594
            ],
            [
              69.274036355599,
              41.28542139849139
            ],
            [
              69.27405126763271,
              41.28538644579685
            ],
            [
              69.2740610709474,
              41.28536346935137
            ],
            [
              69.27376597168164,
              41.28523891052327
            ],
            [
              69.2737545208567,
              41.28525174476813
            ],
            [
              69.27371637659311,
              41.28529449743995
            ],
            [
              69.27355080271319,
              41.28548007482965
            ],
            [
              69.2735360038672,
              41.28547702980408
            ],
            [
              69.27335704329292,
              41.28544021137661
            ],
            [
              69.27328490677897,
              41.28557889734192
            ],
            [
              69.2731022370609,
              41.28581081060896
            ],
            [
              69.27226063331901,
              41.28536899779349
            ],
            [
              69.27217016129178,
              41.2853332168167
            ],
            [
              69.27210201599264,
              41.28530626918594
            ],
            [
              69.27209890692346,
              41.28530504536729
            ],
            [
              69.27163211625067,
              41.2851215796361
            ],
            [
              69.27111781727578,
              41.28491943806489
            ],
            [
              69.27056527522261,
              41.2847022636188
            ],
            [
              69.2700119552284,
              41.28451599345902
            ],
            [
              69.2699902654059,
              41.28455172763172
            ],
            [
              69.26990140944785,
              41.28480869286382
            ],
            [
              69.26981810058673,
              41.28499845410422
            ],
            [
              69.26981524124918,
              41.28500495799159
            ],
            [
              69.269755891355,
              41.28507765162998
            ],
            [
              69.26957383698289,
              41.28498293792565
            ],
            [
              69.26781078993156,
              41.28406569003828
            ],
            [
              69.26783669914097,
              41.2839378473721
            ],
            [
              69.26784631111451,
              41.2838905008481
            ],
            [
              69.26786423969095,
              41.283787826027
            ],
            [
              69.26762604510516,
              41.28368747993529
            ],
            [
              69.26679272472846,
              41.28333641658391
            ],
            [
              69.26684579899208,
              41.28326473357356
            ],
            [
              69.26697916916737,
              41.28308460223888
            ],
            [
              69.26713992897568,
              41.28286748851613
            ],
            [
              69.26743346427453,
              41.28247103152805
            ],
            [
              69.2683691027621,
              41.28120729568266
            ],
            [
              69.26901850027086,
              41.28035186743283
            ]
          ]
        ]
      },
      "properties": {
        "id": "MQ-0011",
        "name": "MQ-0011",
        "type": "project",
        "status": "active",
        "order_no": 22,
        "area_declared_ha": 71.57,
        "area_test_ha": 71.6,
        "area_computed_ha": 71.62,
        "area_mismatch": false,
        "created_at": null,
        "source_kml_id": "ID_00007"
      }
    },
    {
      "type": "Feature",
      "id": "MQ-0012",
      "geometry": {
        "type": "Polygon",
        "coordinates": [
          [
            [
              69.29455183391931,
              41.27263931542271
            ],
            [
              69.2951153614701,
              41.27285475638492
            ],
            [
              69.29615272607874,
              41.27328514871927
            ],
            [
              69.29682202576264,
              41.27355984442946
            ],
            [
              69.29750967712947,
              41.27384001641666
            ],
            [
              69.2982083175872,
              41.2741183136884
            ],
            [
              69.29944897633449,
              41.27462450657144
            ],
            [
              69.30020092012622,
              41.27512039372993
            ],
            [
              69.30015912421099,
              41.2751425258195
            ],
            [
              69.30011165184149,
              41.27516766425087
            ],
            [
              69.29746484490859,
              41.27709989049452
            ],
            [
              69.29727696316522,
              41.27723018707022
            ],
            [
              69.2972402400364,
              41.27725076097169
            ],
            [
              69.29701347291935,
              41.27706087458542
            ],
            [
              69.29599105268379,
              41.27624986268537
            ],
            [
              69.29445475927479,
              41.27503117261278
            ],
            [
              69.2932287852874,
              41.27405860092099
            ],
            [
              69.2931634454269,
              41.27400568069265
            ],
            [
              69.29371220647104,
              41.27361919915112
            ],
            [
              69.29407433173512,
              41.27332354034783
            ],
            [
              69.2945429118519,
              41.27265210150875
            ],
            [
              69.29455183391931,
              41.27263931542271
            ]
          ]
        ]
      },
      "properties": {
        "id": "MQ-0012",
        "name": "MQ-0012",
        "type": "project",
        "status": "active",
        "order_no": 4,
        "area_declared_ha": 14,
        "area_test_ha": 14,
        "area_computed_ha": 13.99,
        "area_mismatch": false,
        "created_at": null,
        "source_kml_id": "ID_00008"
      }
    },
    {
      "type": "Feature",
      "id": "MQ-0014",
      "geometry": {
        "type": "Polygon",
        "coordinates": [
          [
            [
              69.23872290265389,
              41.35192737854715
            ],
            [
              69.2422587012566,
              41.35175981364125
            ],
            [
              69.24225648241783,
              41.35173420504565
            ],
            [
              69.24224004414646,
              41.35154450044214
            ],
            [
              69.24223963900624,
              41.35154050363826
            ],
            [
              69.242226246922,
              41.35142542161172
            ],
            [
              69.24308752466696,
              41.35134746790288
            ],
            [
              69.24443731075499,
              41.35122528471727
            ],
            [
              69.24464936616265,
              41.35120608755461
            ],
            [
              69.24887419145288,
              41.35082353900862
            ],
            [
              69.24887586501427,
              41.3508233920012
            ],
            [
              69.25177342228571,
              41.35057657892045
            ],
            [
              69.25229028954399,
              41.35053254327867
            ],
            [
              69.25234179085756,
              41.35089138153975
            ],
            [
              69.25236855077152,
              41.35106703203522
            ],
            [
              69.25285390423133,
              41.35425270582386
            ],
            [
              69.25297417786811,
              41.355042069638
            ],
            [
              69.25294489009487,
              41.35505186455064
            ],
            [
              69.25281351148458,
              41.35509024985907
            ],
            [
              69.25267981611916,
              41.35512387188052
            ],
            [
              69.25264365982729,
              41.35513153936042
            ],
            [
              69.25264273905412,
              41.35513132088682
            ],
            [
              69.25262492636034,
              41.35512834519532
            ],
            [
              69.25260683968042,
              41.35512655087961
            ],
            [
              69.25258861286332,
              41.35512595210007
            ],
            [
              69.25257038784284,
              41.35512655087961
            ],
            [
              69.25255229936629,
              41.35512834519532
            ],
            [
              69.25253677198658,
              41.35513086977929
            ],
            [
              69.2508564004841,
              41.35545483229041
            ],
            [
              69.25037340240698,
              41.35554794399763
            ],
            [
              69.25004691690349,
              41.35561088284294
            ],
            [
              69.2497987016107,
              41.35565873021518
            ],
            [
              69.24888377647697,
              41.35583509136467
            ],
            [
              69.24863506351753,
              41.35588076127848
            ],
            [
              69.2483863352867,
              41.35592192553418
            ],
            [
              69.24813629910885,
              41.35595882149131
            ],
            [
              69.247973973537,
              41.35597988841397
            ],
            [
              69.24788986337865,
              41.35599080385938
            ],
            [
              69.24788521280041,
              41.35599140667674
            ],
            [
              69.24763320302387,
              41.35601966693685
            ],
            [
              69.24738051771423,
              41.35604357597984
            ],
            [
              69.2471269915815,
              41.35606314864494
            ],
            [
              69.2468718583627,
              41.35607842202211
            ],
            [
              69.24611068258478,
              41.35611741223851
            ],
            [
              69.24565872758895,
              41.35614055727417
            ],
            [
              69.24512101761944,
              41.35616809260721
            ],
            [
              69.24511496297443,
              41.3561684695356
            ],
            [
              69.2450075343479,
              41.3561763385053
            ],
            [
              69.24499547087194,
              41.35617749019333
            ],
            [
              69.24488883815279,
              41.35619004885106
            ],
            [
              69.24488481998851,
              41.35619055254589
            ],
            [
              69.24487687977972,
              41.35619172783383
            ],
            [
              69.24477140678559,
              41.35620893302195
            ],
            [
              69.24475960741431,
              41.35621112985896
            ],
            [
              69.24465564448816,
              41.35623292223585
            ],
            [
              69.24465474078299,
              41.35623313396287
            ],
            [
              69.24464607473546,
              41.35623515683238
            ],
            [
              69.24461389887863,
              41.35615895192443
            ],
            [
              69.24461185431302,
              41.3561541091691
            ],
            [
              69.2445720167251,
              41.35554044244378
            ],
            [
              69.24455013466311,
              41.3552034582688
            ],
            [
              69.24456082102171,
              41.3552028156604
            ],
            [
              69.2445481520813,
              41.35497229685746
            ],
            [
              69.24453636618473,
              41.35497301364146
            ],
            [
              69.24453292653551,
              41.35493408544969
            ],
            [
              69.24449530598973,
              41.35489805606624
            ],
            [
              69.24439310286323,
              41.35480017204963
            ],
            [
              69.2440131999397,
              41.35443630948453
            ],
            [
              69.24339591360905,
              41.35384508056897
            ],
            [
              69.24326582048792,
              41.35389073771844
            ],
            [
              69.24325034341389,
              41.35387825144304
            ],
            [
              69.24284288646564,
              41.35403916622037
            ],
            [
              69.24256875747184,
              41.35413537167123
            ],
            [
              69.24237054150946,
              41.35420493496385
            ],
            [
              69.24190143497988,
              41.35439302493648
            ],
            [
              69.24190147450577,
              41.35439358393853
            ],
            [
              69.24191278249856,
              41.35460970295105
            ],
            [
              69.2419129549751,
              41.35461244468184
            ],
            [
              69.24193722386083,
              41.35494670773181
            ],
            [
              69.24193745113459,
              41.35494944607692
            ],
            [
              69.24196847804618,
              41.35528339114981
            ],
            [
              69.24196861189513,
              41.35528475997815
            ],
            [
              69.24201787011545,
              41.35576255482597
            ],
            [
              69.24201796623517,
              41.35576357435954
            ],
            [
              69.24201798959136,
              41.35576375844199
            ],
            [
              69.24201819530556,
              41.35576576986308
            ],
            [
              69.24203964078636,
              41.35597381775872
            ],
            [
              69.24204595773942,
              41.35603509406275
            ],
            [
              69.24205527506555,
              41.35612548282741
            ],
            [
              69.24206487356437,
              41.35621857874086
            ],
            [
              69.24206622552887,
              41.35623169974837
            ],
            [
              69.24208882714142,
              41.35648049604459
            ],
            [
              69.24210531392184,
              41.35672881939049
            ],
            [
              69.24210608018475,
              41.35674707092619
            ],
            [
              69.24198603292345,
              41.356749217848
            ],
            [
              69.24006794833218,
              41.35671172020252
            ],
            [
              69.24004225202347,
              41.35671121786032
            ],
            [
              69.24004276136826,
              41.3566993706738
            ],
            [
              69.24003865876234,
              41.35669927222824
            ],
            [
              69.23991437684278,
              41.35669953115365
            ],
            [
              69.23991455021762,
              41.35674725163444
            ],
            [
              69.23988292412974,
              41.35674943833906
            ],
            [
              69.23963891654574,
              41.35674828531258
            ],
            [
              69.23954625083259,
              41.35674787467332
            ],
            [
              69.23921746384538,
              41.35674642024162
            ],
            [
              69.23905377013935,
              41.35674931427072
            ],
            [
              69.23900646216154,
              41.35586218853607
            ],
            [
              69.23872290265389,
              41.35192737854715
            ]
          ]
        ]
      },
      "properties": {
        "id": "MQ-0014",
        "name": "MQ-0014",
        "type": "project",
        "status": "active",
        "order_no": 23,
        "area_declared_ha": 58,
        "area_test_ha": 58,
        "area_computed_ha": 58.02,
        "area_mismatch": false,
        "created_at": null,
        "source_kml_id": "ID_00009"
      }
    },
    {
      "type": "Feature",
      "id": "MQ-0015",
      "geometry": {
        "type": "Polygon",
        "coordinates": [
          [
            [
              69.22681364587817,
              41.2202341083113
            ],
            [
              69.22672431471136,
              41.2203744476847
            ],
            [
              69.22572710389763,
              41.22189709322949
            ],
            [
              69.22565170021099,
              41.22186047611327
            ],
            [
              69.22551137438046,
              41.22179233239805
            ],
            [
              69.22444757504798,
              41.221275729213
            ],
            [
              69.2240736081918,
              41.22109412009269
            ],
            [
              69.22398882070372,
              41.22105294500916
            ],
            [
              69.22390505909169,
              41.22102384851109
            ],
            [
              69.2262167054904,
              41.21728060264076
            ],
            [
              69.22630362557898,
              41.21715847089524
            ],
            [
              69.22908761154399,
              41.21368671032911
            ],
            [
              69.23491654047076,
              41.21612521426879
            ],
            [
              69.23435041948377,
              41.21696684074605
            ],
            [
              69.23235208209994,
              41.21984818834707
            ],
            [
              69.23100420223695,
              41.22162230118097
            ],
            [
              69.22687064488126,
              41.22014144723978
            ],
            [
              69.22684218984632,
              41.22018926635305
            ],
            [
              69.22681364587817,
              41.2202341083113
            ]
          ]
        ]
      },
      "properties": {
        "id": "MQ-0015",
        "name": "MQ-0015",
        "type": "project",
        "status": "active",
        "order_no": 5,
        "area_declared_ha": 44.7,
        "area_test_ha": 44.7,
        "area_computed_ha": 44.7,
        "area_mismatch": false,
        "created_at": null,
        "source_kml_id": "ID_00010"
      }
    },
    {
      "type": "Feature",
      "id": "MQ-0016",
      "geometry": {
        "type": "Polygon",
        "coordinates": [
          [
            [
              69.25121379432159,
              41.23071953138318
            ],
            [
              69.25120176408329,
              41.23071571093028
            ],
            [
              69.25113840770294,
              41.23067126124506
            ],
            [
              69.25101085501741,
              41.23058178145226
            ],
            [
              69.25096201181879,
              41.23054751687529
            ],
            [
              69.25081701654541,
              41.23044579925358
            ],
            [
              69.25130797818754,
              41.22986936600594
            ],
            [
              69.25132011802027,
              41.2298551122536
            ],
            [
              69.25125930926205,
              41.22982345375183
            ],
            [
              69.25108046636711,
              41.22973034280705
            ],
            [
              69.2507992891916,
              41.22958395189276
            ],
            [
              69.25080094568497,
              41.22958211493577
            ],
            [
              69.25100043366182,
              41.22930484599114
            ],
            [
              69.25119338370001,
              41.22900013342681
            ],
            [
              69.25122874677947,
              41.22896332976692
            ],
            [
              69.2514340468562,
              41.22875259015881
            ],
            [
              69.25055154371772,
              41.22830764823419
            ],
            [
              69.24893808772073,
              41.22740929988404
            ],
            [
              69.24943068878825,
              41.2266666910886
            ],
            [
              69.24932250917016,
              41.22634449231793
            ],
            [
              69.24899938336584,
              41.22585640259585
            ],
            [
              69.24898040196388,
              41.22584832736143
            ],
            [
              69.2488129083842,
              41.2257594044515
            ],
            [
              69.24852882605705,
              41.22547163602474
            ],
            [
              69.24785392537736,
              41.22498008182214
            ],
            [
              69.24797072522894,
              41.22488632076236
            ],
            [
              69.24950059298872,
              41.22365820954061
            ],
            [
              69.2502450699838,
              41.22253935801922
            ],
            [
              69.25025721790138,
              41.22252126552109
            ],
            [
              69.25048798611472,
              41.22266818102891
            ],
            [
              69.25215521346797,
              41.22372955934866
            ],
            [
              69.25312554938336,
              41.22434726435468
            ],
            [
              69.2536716828553,
              41.22469900228596
            ],
            [
              69.25367199187573,
              41.22469929281576
            ],
            [
              69.25413664186321,
              41.22401146667865
            ],
            [
              69.25429589429845,
              41.22379177956087
            ],
            [
              69.25506740429539,
              41.22272746848738
            ],
            [
              69.25521209953146,
              41.2225278567126
            ],
            [
              69.2553824308891,
              41.22229287880489
            ],
            [
              69.25537535126635,
              41.22223727203596
            ],
            [
              69.2553712459655,
              41.22220502335862
            ],
            [
              69.25536827074528,
              41.22218166386839
            ],
            [
              69.25536826625371,
              41.2221816233278
            ],
            [
              69.25536513023503,
              41.22215699220525
            ],
            [
              69.25535874950158,
              41.22210687182201
            ],
            [
              69.25532049025364,
              41.22180636696055
            ],
            [
              69.25549034819915,
              41.22157203579175
            ],
            [
              69.2555691277546,
              41.22146335479623
            ],
            [
              69.25621237270201,
              41.22057594175684
            ],
            [
              69.25632238488329,
              41.22042300921629
            ],
            [
              69.2569577147747,
              41.2206872763187
            ],
            [
              69.25703199736385,
              41.22071817436085
            ],
            [
              69.25745210528628,
              41.22089291883943
            ],
            [
              69.25787800195236,
              41.22107006694963
            ],
            [
              69.26121671557162,
              41.22245868531722
            ],
            [
              69.26171602346102,
              41.22266512361456
            ],
            [
              69.26209617521792,
              41.22282229682292
            ],
            [
              69.26250839862708,
              41.22299272356432
            ],
            [
              69.26282114799156,
              41.22312592400272
            ],
            [
              69.26312707285481,
              41.22326400652896
            ],
            [
              69.2634282492235,
              41.22340785285358
            ],
            [
              69.26372452258737,
              41.22355738794004
            ],
            [
              69.26401569801199,
              41.22371251040019
            ],
            [
              69.26430160751242,
              41.22387312965589
            ],
            [
              69.26458208220534,
              41.22403915715559
            ],
            [
              69.26485688044404,
              41.22421044353808
            ],
            [
              69.2651258827525,
              41.22438691511584
            ],
            [
              69.26538893372219,
              41.22456847320165
            ],
            [
              69.26564583482545,
              41.22475497992053
            ],
            [
              69.26589828747144,
              41.22494774328482
            ],
            [
              69.26592290400518,
              41.22496701884678
            ],
            [
              69.26485826923945,
              41.22612501099938
            ],
            [
              69.2633999666651,
              41.22771110591528
            ],
            [
              69.26265673653162,
              41.2286764030623
            ],
            [
              69.26235620964489,
              41.22861735205605
            ],
            [
              69.26174574691716,
              41.22849741086932
            ],
            [
              69.26091160727695,
              41.22833351679013
            ],
            [
              69.26016095256766,
              41.228186030955
            ],
            [
              69.25978275195155,
              41.22910040142217
            ],
            [
              69.26042027642724,
              41.22985121946127
            ],
            [
              69.25870123784166,
              41.23209650196839
            ],
            [
              69.25870048864672,
              41.2320974950625
            ],
            [
              69.25855388718561,
              41.23229481445794
            ],
            [
              69.25854516903578,
              41.23230654779462
            ],
            [
              69.25854369490041,
              41.23230859410239
            ],
            [
              69.25839559145615,
              41.23252061123565
            ],
            [
              69.25839418559272,
              41.23252268591063
            ],
            [
              69.2583023328549,
              41.23266285569137
            ],
            [
              69.25825340072308,
              41.23273752487103
            ],
            [
              69.25825206672488,
              41.23273962723741
            ],
            [
              69.2582127654312,
              41.23280372303226
            ],
            [
              69.2579920206198,
              41.2326280125672
            ],
            [
              69.25737366888725,
              41.23200668971653
            ],
            [
              69.25689130142743,
              41.23162656070686
            ],
            [
              69.25677879192969,
              41.23157458365759
            ],
            [
              69.25653209568803,
              41.23146061665258
            ],
            [
              69.25542238525802,
              41.23238596597172
            ],
            [
              69.25379240385308,
              41.23145227660699
            ],
            [
              69.253609600286,
              41.23163557901159
            ],
            [
              69.25210148702746,
              41.23091382425687
            ],
            [
              69.25193843382024,
              41.23094726780474
            ],
            [
              69.25193391529437,
              41.23094819470892
            ],
            [
              69.25183302101324,
              41.23091615840804
            ],
            [
              69.25140511301922,
              41.230756667795
            ],
            [
              69.25121379432159,
              41.23071953138318
            ]
          ]
        ]
      },
      "properties": {
        "id": "MQ-0016",
        "name": "MQ-0016",
        "type": "project",
        "status": "active",
        "order_no": 24,
        "area_declared_ha": 100,
        "area_test_ha": 110.3,
        "area_computed_ha": 110.37,
        "area_mismatch": true,
        "created_at": null,
        "source_kml_id": "ID_00011"
      }
    },
    {
      "type": "Feature",
      "id": "MQ-0017",
      "geometry": {
        "type": "Polygon",
        "coordinates": [
          [
            [
              69.20231929380589,
              41.23192266837935
            ],
            [
              69.20266841326128,
              41.23239796073807
            ],
            [
              69.20284692108463,
              41.23266892905088
            ],
            [
              69.20321197305991,
              41.23321380640936
            ],
            [
              69.2035730598715,
              41.23379890593456
            ],
            [
              69.20494359075438,
              41.23592097392983
            ],
            [
              69.20503952453853,
              41.23620319145768
            ],
            [
              69.20548600430271,
              41.23699953456283
            ],
            [
              69.20577481266658,
              41.23755992421898
            ],
            [
              69.20587773624193,
              41.23775971572621
            ],
            [
              69.20601486227342,
              41.23799244601079
            ],
            [
              69.20621184484892,
              41.23835244564929
            ],
            [
              69.20630065858612,
              41.23851332278725
            ],
            [
              69.20639653038651,
              41.23869398713115
            ],
            [
              69.20651094251605,
              41.23893137709059
            ],
            [
              69.20667882596452,
              41.23921156930395
            ],
            [
              69.20678970591835,
              41.23943774613805
            ],
            [
              69.20690660458462,
              41.23963091136564
            ],
            [
              69.20704995773767,
              41.23989464758346
            ],
            [
              69.20717678817766,
              41.24014485400353
            ],
            [
              69.20692824949138,
              41.24028837272923
            ],
            [
              69.20661073725925,
              41.24046457394747
            ],
            [
              69.20615671434162,
              41.24067646735755
            ],
            [
              69.2060694106724,
              41.24074590858767
            ],
            [
              69.20577979112986,
              41.24096878578369
            ],
            [
              69.20550290610481,
              41.24116908023585
            ],
            [
              69.20525597809782,
              41.24139187898423
            ],
            [
              69.20500567781527,
              41.24161697696834
            ],
            [
              69.20475974244664,
              41.24177431131429
            ],
            [
              69.2049464896178,
              41.24194482037299
            ],
            [
              69.2049593957135,
              41.24195660398888
            ],
            [
              69.20503069948919,
              41.24222468219666
            ],
            [
              69.20502169387845,
              41.24223464672286
            ],
            [
              69.20476118064943,
              41.24252290132788
            ],
            [
              69.20465500607106,
              41.24248161747911
            ],
            [
              69.20459333942173,
              41.2424511187902
            ],
            [
              69.20449807128922,
              41.24240399412705
            ],
            [
              69.20441490076867,
              41.2422209752196
            ],
            [
              69.2045155893356,
              41.24212967125446
            ],
            [
              69.20446090529099,
              41.24207485274397
            ],
            [
              69.20394471536241,
              41.24152524390706
            ],
            [
              69.20388690248568,
              41.24120851882683
            ],
            [
              69.20381738995067,
              41.24089385716417
            ],
            [
              69.20382314186347,
              41.24062141863835
            ],
            [
              69.20368511751666,
              41.24057817400178
            ],
            [
              69.20340332140194,
              41.24034897830133
            ],
            [
              69.20317635216394,
              41.24028368212942
            ],
            [
              69.20302519175274,
              41.24014309164733
            ],
            [
              69.20282034622356,
              41.2399333067488
            ],
            [
              69.20264465731356,
              41.23988845871041
            ],
            [
              69.20256833195545,
              41.23986159634657
            ],
            [
              69.2024716759258,
              41.23982757981154
            ],
            [
              69.20236774533902,
              41.23996386402964
            ],
            [
              69.20204386405155,
              41.23983400376242
            ],
            [
              69.20201523294682,
              41.2398046710926
            ],
            [
              69.20191938180767,
              41.23964067971791
            ],
            [
              69.20197140773736,
              41.23953257860953
            ],
            [
              69.20181956819985,
              41.23952181050475
            ],
            [
              69.20150321209948,
              41.2394675619537
            ],
            [
              69.20154286463443,
              41.23933588360691
            ],
            [
              69.2015608462115,
              41.23926415768813
            ],
            [
              69.20129129593072,
              41.23921134233574
            ],
            [
              69.2013392614753,
              41.2390719282981
            ],
            [
              69.2012841606124,
              41.23906113309738
            ],
            [
              69.2013971884381,
              41.23873264633117
            ],
            [
              69.20153590089436,
              41.23875981448742
            ],
            [
              69.20174866866603,
              41.23833139001213
            ],
            [
              69.20176917720396,
              41.23819160797044
            ],
            [
              69.20181293234482,
              41.23799764543646
            ],
            [
              69.2017991243406,
              41.23782069720293
            ],
            [
              69.20168860371287,
              41.23761015840346
            ],
            [
              69.20159604849252,
              41.2374368724608
            ],
            [
              69.20153897582756,
              41.2374284966996
            ],
            [
              69.20145737466379,
              41.23741651636671
            ],
            [
              69.20138376401447,
              41.23725955590129
            ],
            [
              69.20129580637173,
              41.23707196753712
            ],
            [
              69.20113698692445,
              41.23706952214444
            ],
            [
              69.2010281569261,
              41.23694985721641
            ],
            [
              69.20067734684135,
              41.23630547567357
            ],
            [
              69.20115467924397,
              41.2355226929869
            ],
            [
              69.20057044822083,
              41.23441898360117
            ],
            [
              69.19964886118098,
              41.2338700467393
            ],
            [
              69.19981360142428,
              41.23364326357861
            ],
            [
              69.20026040098872,
              41.23302816084297
            ],
            [
              69.2005167424416,
              41.23267523953429
            ],
            [
              69.20149085577275,
              41.23133412348216
            ],
            [
              69.20162179690352,
              41.23115385765797
            ],
            [
              69.20165302593605,
              41.2311198001096
            ],
            [
              69.20226767032145,
              41.23179385549469
            ],
            [
              69.20229834689006,
              41.23187039971637
            ],
            [
              69.20231929380589,
              41.23192266837935
            ]
          ]
        ]
      },
      "properties": {
        "id": "MQ-0017",
        "name": "MQ-0017",
        "type": "project",
        "status": "active",
        "order_no": 25,
        "area_declared_ha": 33.5,
        "area_test_ha": 33.5,
        "area_computed_ha": 33.56,
        "area_mismatch": false,
        "created_at": null,
        "source_kml_id": "ID_00012"
      }
    },
    {
      "type": "Feature",
      "id": "MQ-0022",
      "geometry": {
        "type": "Polygon",
        "coordinates": [
          [
            [
              69.247960884185,
              41.30462546569273
            ],
            [
              69.24804270184276,
              41.3045257144547
            ],
            [
              69.24828995773483,
              41.30422426595807
            ],
            [
              69.24833183719339,
              41.30417320707622
            ],
            [
              69.24831591275834,
              41.30416637105946
            ],
            [
              69.24819873651268,
              41.30411607131547
            ],
            [
              69.24855050150656,
              41.30337330389403
            ],
            [
              69.24860027176658,
              41.30338404797534
            ],
            [
              69.24891177606608,
              41.30260195845
            ],
            [
              69.2492252153367,
              41.30189514410231
            ],
            [
              69.24969614814123,
              41.3020159493261
            ],
            [
              69.24971245975016,
              41.3020201334034
            ],
            [
              69.2498733686788,
              41.30164885016466
            ],
            [
              69.24993922686721,
              41.30149688884013
            ],
            [
              69.25014271144876,
              41.30159593206393
            ],
            [
              69.2500977345991,
              41.30170084974559
            ],
            [
              69.25008770670559,
              41.30172424087159
            ],
            [
              69.25021350767628,
              41.30175291609557
            ],
            [
              69.25025807758911,
              41.30178091847784
            ],
            [
              69.25032747603807,
              41.30180161421069
            ],
            [
              69.25032663970654,
              41.30180320821439
            ],
            [
              69.25047121995826,
              41.30186235571328
            ],
            [
              69.25058387588142,
              41.30191204375498
            ],
            [
              69.25060356874904,
              41.30189331187788
            ],
            [
              69.25063257265464,
              41.3019106535593
            ],
            [
              69.25066064141402,
              41.30192743645854
            ],
            [
              69.25066326808789,
              41.30192493815598
            ],
            [
              69.25072408582928,
              41.30196129782912
            ],
            [
              69.25076829461935,
              41.30192521484538
            ],
            [
              69.25087957971337,
              41.30199326824845
            ],
            [
              69.25091319826458,
              41.30203115169716
            ],
            [
              69.25081172906167,
              41.30214281245384
            ],
            [
              69.25093287855583,
              41.30220541757226
            ],
            [
              69.25091932297819,
              41.30222033443797
            ],
            [
              69.25087786752442,
              41.30226595219509
            ],
            [
              69.25101512830322,
              41.30233361180631
            ],
            [
              69.25102076612995,
              41.30232707590398
            ],
            [
              69.25110934450855,
              41.30237052867564
            ],
            [
              69.25115749061452,
              41.30245331689267
            ],
            [
              69.25123258528068,
              41.30251191312752
            ],
            [
              69.25119480752973,
              41.30253944481641
            ],
            [
              69.25120725278965,
              41.30254915719608
            ],
            [
              69.251168615351,
              41.3025773137761
            ],
            [
              69.25118106240755,
              41.30258702682498
            ],
            [
              69.25120723931494,
              41.30260074170418
            ],
            [
              69.25115645395866,
              41.30264880145802
            ],
            [
              69.25117707478604,
              41.30267252224292
            ],
            [
              69.25121342601231,
              41.30269299836841
            ],
            [
              69.2513435290149,
              41.30276628168195
            ],
            [
              69.25132816512861,
              41.30278179228144
            ],
            [
              69.25131280393724,
              41.30279730017787
            ],
            [
              69.25130658669717,
              41.30279379774205
            ],
            [
              69.25123298503098,
              41.30286810130396
            ],
            [
              69.2514596964525,
              41.3029523519457
            ],
            [
              69.25160915725117,
              41.30300992399854
            ],
            [
              69.25164397684989,
              41.30302333578533
            ],
            [
              69.25154433392194,
              41.30315761883718
            ],
            [
              69.2515339700585,
              41.30316903239456
            ],
            [
              69.251499122612,
              41.30320740981716
            ],
            [
              69.25145326002348,
              41.30325791743743
            ],
            [
              69.25143826444648,
              41.30327443342888
            ],
            [
              69.25142918966546,
              41.30327226719831
            ],
            [
              69.25140962166361,
              41.30332451517464
            ],
            [
              69.2513900545601,
              41.30337676310917
            ],
            [
              69.25136975802455,
              41.30337234427565
            ],
            [
              69.25133273935003,
              41.30346901665101
            ],
            [
              69.2512957557098,
              41.30356560047972
            ],
            [
              69.25129859258946,
              41.30357660771502
            ],
            [
              69.25130143036743,
              41.30358761629814
            ],
            [
              69.25128011963395,
              41.30364517564308
            ],
            [
              69.25125880979877,
              41.3037027349372
            ],
            [
              69.25123058473253,
              41.30378871072309
            ],
            [
              69.25120658084982,
              41.30386183287008
            ],
            [
              69.25120236056463,
              41.30387468842013
            ],
            [
              69.2512336201399,
              41.30388303136706
            ],
            [
              69.25126488151179,
              41.30389137566264
            ],
            [
              69.25129968673747,
              41.30390469144202
            ],
            [
              69.25129435433792,
              41.30391441239119
            ],
            [
              69.25131719400402,
              41.30392153658742
            ],
            [
              69.25130290809608,
              41.30394757900356
            ],
            [
              69.25136580094573,
              41.30396719701851
            ],
            [
              69.25137766858896,
              41.30394556328274
            ],
            [
              69.25144817555898,
              41.30396755737828
            ],
            [
              69.25145326810834,
              41.3039582744024
            ],
            [
              69.25154640004712,
              41.3039814825144
            ],
            [
              69.25167833561288,
              41.30401435756587
            ],
            [
              69.25177360284705,
              41.30403889642319
            ],
            [
              69.25178586754562,
              41.3040427220358
            ],
            [
              69.25178618824418,
              41.3040421376328
            ],
            [
              69.25183341717026,
              41.30405430279616
            ],
            [
              69.25191907332922,
              41.30407716536101
            ],
            [
              69.25189498590319,
              41.3041306537036
            ],
            [
              69.2518708984772,
              41.30418414335194
            ],
            [
              69.25184283241278,
              41.30424646645698
            ],
            [
              69.25181467292356,
              41.30430876723315
            ],
            [
              69.25180367844278,
              41.30430600921326
            ],
            [
              69.25176554855221,
              41.30439483062225
            ],
            [
              69.2517654290763,
              41.30439946195688
            ],
            [
              69.2517635246479,
              41.3044037342835
            ],
            [
              69.25173923060935,
              41.30448126167782
            ],
            [
              69.25173431053655,
              41.30449695879607
            ],
            [
              69.251983205854,
              41.3045729879687
            ],
            [
              69.25202942866693,
              41.304587107325
            ],
            [
              69.25206587691129,
              41.30459824125485
            ],
            [
              69.2524527498631,
              41.30467254073624
            ],
            [
              69.25238237853871,
              41.30476742425363
            ],
            [
              69.25239327330648,
              41.30477111081
            ],
            [
              69.25240450763741,
              41.30478649001712
            ],
            [
              69.2523974765237,
              41.30479684381824
            ],
            [
              69.25238927041357,
              41.30480893056134
            ],
            [
              69.25242269672528,
              41.30482289128337
            ],
            [
              69.25239344757964,
              41.30486596381697
            ],
            [
              69.25239488308748,
              41.3048665178456
            ],
            [
              69.25237609931486,
              41.30491538031645
            ],
            [
              69.25235414089606,
              41.30495334507053
            ],
            [
              69.25235539763916,
              41.30505823373188
            ],
            [
              69.25241213163923,
              41.30516233741046
            ],
            [
              69.25240332814946,
              41.30516167271411
            ],
            [
              69.2524112243408,
              41.3052719022211
            ],
            [
              69.25248171244618,
              41.30527039400398
            ],
            [
              69.25236851663557,
              41.30551823780993
            ],
            [
              69.25240825540877,
              41.30552323144036
            ],
            [
              69.25255465474893,
              41.30561390827947
            ],
            [
              69.25264997588206,
              41.30575241707137
            ],
            [
              69.25277187546948,
              41.30578650184306
            ],
            [
              69.25280586232995,
              41.30579600387259
            ],
            [
              69.25280106802128,
              41.30582258471471
            ],
            [
              69.25286085808996,
              41.30584186003606
            ],
            [
              69.25295996292704,
              41.30587380763382
            ],
            [
              69.25287791530057,
              41.30604676018294
            ],
            [
              69.25283687756344,
              41.30613326530224
            ],
            [
              69.25282370646474,
              41.30615992226028
            ],
            [
              69.25280793115003,
              41.30619285154774
            ],
            [
              69.25270094629128,
              41.30640867839662
            ],
            [
              69.25265752712033,
              41.30638834784632
            ],
            [
              69.2523255852498,
              41.30623291825846
            ],
            [
              69.25232376526306,
              41.30623207677341
            ],
            [
              69.25207945315016,
              41.3061206990156
            ],
            [
              69.2520760575184,
              41.3061191901433
            ],
            [
              69.25182801380382,
              41.30601210735737
            ],
            [
              69.2518242848971,
              41.30601054179857
            ],
            [
              69.25157321745326,
              41.30590806509366
            ],
            [
              69.25156943734257,
              41.30590656633863
            ],
            [
              69.2513151997441,
              41.30580862825562
            ],
            [
              69.25131137651425,
              41.30580719765429
            ],
            [
              69.25105412057644,
              41.30571385624785
            ],
            [
              69.25105219279185,
              41.30571316793863
            ],
            [
              69.25072645109341,
              41.30559855760972
            ],
            [
              69.2483817439973,
              41.3047735550177
            ],
            [
              69.24803721133975,
              41.30465232301505
            ],
            [
              69.247960884185,
              41.30462546569273
            ]
          ]
        ]
      },
      "properties": {
        "id": "MQ-0022",
        "name": "MQ-0022",
        "type": "project",
        "status": "active",
        "order_no": 6,
        "area_declared_ha": 10.6,
        "area_test_ha": 10.6,
        "area_computed_ha": 10.61,
        "area_mismatch": false,
        "created_at": null,
        "source_kml_id": "ID_00013"
      }
    },
    {
      "type": "Feature",
      "id": "MQ-0023",
      "geometry": {
        "type": "Polygon",
        "coordinates": [
          [
            [
              69.23252379596482,
              41.29357083777678
            ],
            [
              69.23251342491486,
              41.29357502307075
            ],
            [
              69.23249395033783,
              41.29357411662829
            ],
            [
              69.23259924277059,
              41.29267623835482
            ],
            [
              69.23254084778556,
              41.29263717438739
            ],
            [
              69.23238999549652,
              41.29253625874866
            ],
            [
              69.23336390041852,
              41.29197326559961
            ],
            [
              69.23343206098903,
              41.29203529191955
            ],
            [
              69.23422758385182,
              41.29275919884006
            ],
            [
              69.23427578655166,
              41.29280306227935
            ],
            [
              69.23432575713598,
              41.29284853273565
            ],
            [
              69.23438243094891,
              41.29290010466808
            ],
            [
              69.23445570023846,
              41.29296678250163
            ],
            [
              69.2345354077536,
              41.29303930528305
            ],
            [
              69.23479614735808,
              41.29327657469236
            ],
            [
              69.23495045636434,
              41.29350301113905
            ],
            [
              69.23507279792287,
              41.29368250694381
            ],
            [
              69.23507309526521,
              41.29368293620397
            ],
            [
              69.23553984192054,
              41.29436779160657
            ],
            [
              69.23554185774006,
              41.2943706465618
            ],
            [
              69.23612414750386,
              41.29516781874386
            ],
            [
              69.23612561714765,
              41.29516978614158
            ],
            [
              69.23612963082034,
              41.29517472927036
            ],
            [
              69.23637561379965,
              41.29546093268377
            ],
            [
              69.23637575663179,
              41.29546110613796
            ],
            [
              69.23637594797293,
              41.2954613234619
            ],
            [
              69.23644204780815,
              41.29553823381313
            ],
            [
              69.23644714215413,
              41.29554378973971
            ],
            [
              69.23725932696881,
              41.29637489284509
            ],
            [
              69.23735229361755,
              41.29647002262867
            ],
            [
              69.23735458611819,
              41.29647238750823
            ],
            [
              69.23776022487628,
              41.29688744752531
            ],
            [
              69.23778504353096,
              41.29691537640745
            ],
            [
              69.2378048477897,
              41.29694265399557
            ],
            [
              69.23781339975122,
              41.29695743708434
            ],
            [
              69.2378213157055,
              41.29697112007716
            ],
            [
              69.23804046510898,
              41.29690883321314
            ],
            [
              69.23809757729977,
              41.29688572921901
            ],
            [
              69.238083613887,
              41.29686160881055
            ],
            [
              69.23809902268907,
              41.29685671440276
            ],
            [
              69.23906264729096,
              41.29648504879151
            ],
            [
              69.23909520403352,
              41.29647277625558
            ],
            [
              69.23921349958002,
              41.2964281816578
            ],
            [
              69.23929066665956,
              41.29629843229571
            ],
            [
              69.23922985340974,
              41.29620966127627
            ],
            [
              69.2391353461503,
              41.29607170724123
            ],
            [
              69.23909269593725,
              41.29601030905407
            ],
            [
              69.23905005291068,
              41.29594890945925
            ],
            [
              69.23901658886972,
              41.29596114227384
            ],
            [
              69.23898556644973,
              41.29584749680699
            ],
            [
              69.23899603990762,
              41.29581192405131
            ],
            [
              69.23908444131807,
              41.29573151593206
            ],
            [
              69.23908059922363,
              41.2957045186027
            ],
            [
              69.2391630052779,
              41.29562473667433
            ],
            [
              69.23930892671432,
              41.29549088895764
            ],
            [
              69.23945484635414,
              41.29535704164116
            ],
            [
              69.2395101331683,
              41.29532243510408
            ],
            [
              69.23952422593845,
              41.29531361254332
            ],
            [
              69.23959360192954,
              41.29527018139175
            ],
            [
              69.2396442974543,
              41.29523626052865
            ],
            [
              69.23966397055901,
              41.2952230961865
            ],
            [
              69.23973433829016,
              41.29517601027229
            ],
            [
              69.23989834460991,
              41.2950307088594
            ],
            [
              69.24010411809877,
              41.2949580303597
            ],
            [
              69.24014365115781,
              41.29498713578545
            ],
            [
              69.24032582590414,
              41.29493336119968
            ],
            [
              69.24039711979835,
              41.29491231637612
            ],
            [
              69.2405861873179,
              41.29482732035387
            ],
            [
              69.24061633657548,
              41.29481376717192
            ],
            [
              69.24087497502049,
              41.29485832575259
            ],
            [
              69.24113717798055,
              41.29486389928508
            ],
            [
              69.2412863081992,
              41.29489897446332
            ],
            [
              69.24145495341905,
              41.29498163920479
            ],
            [
              69.24152065709727,
              41.29502117691451
            ],
            [
              69.24156216465327,
              41.29504615515615
            ],
            [
              69.2416854206968,
              41.29512279467806
            ],
            [
              69.24168517904998,
              41.29511970893226
            ],
            [
              69.24167502000243,
              41.29498986990222
            ],
            [
              69.24176983268907,
              41.29495696735403
            ],
            [
              69.24164214256132,
              41.29475187982892
            ],
            [
              69.24157381849746,
              41.29464214885957
            ],
            [
              69.24154068683313,
              41.2944230062838
            ],
            [
              69.24154305030068,
              41.29436435621111
            ],
            [
              69.24170245724613,
              41.29435335686996
            ],
            [
              69.24168800874313,
              41.29382573053231
            ],
            [
              69.24175698857715,
              41.29387740833199
            ],
            [
              69.24199395516595,
              41.29405493904988
            ],
            [
              69.2434770772933,
              41.29436923393269
            ],
            [
              69.2448247703067,
              41.29397603791811
            ],
            [
              69.24519168359127,
              41.29386898918719
            ],
            [
              69.24604023580189,
              41.29362142035394
            ],
            [
              69.24638934986739,
              41.29370165356573
            ],
            [
              69.24642258573627,
              41.29374435345527
            ],
            [
              69.2464472552706,
              41.29377604645406
            ],
            [
              69.24650847455892,
              41.29385469675162
            ],
            [
              69.24651023346023,
              41.29385695643614
            ],
            [
              69.24677960407797,
              41.29373734963588
            ],
            [
              69.24683626351786,
              41.29371219270969
            ],
            [
              69.24691131506489,
              41.29367981124366
            ],
            [
              69.24710872344185,
              41.29391923811526
            ],
            [
              69.24763177739752,
              41.29441835804234
            ],
            [
              69.24762188784453,
              41.29444137246984
            ],
            [
              69.24761257321336,
              41.29446303568069
            ],
            [
              69.24756307334627,
              41.2945782385941
            ],
            [
              69.24753250816873,
              41.29464937125829
            ],
            [
              69.24750847733654,
              41.29470557176523
            ],
            [
              69.24744493590325,
              41.29485416888777
            ],
            [
              69.24747108855611,
              41.29489440927158
            ],
            [
              69.24750342880465,
              41.29494417213911
            ],
            [
              69.24753022285465,
              41.29498539785632
            ],
            [
              69.24792642031913,
              41.29502205836467
            ],
            [
              69.24816455651442,
              41.29504409326545
            ],
            [
              69.2483232358245,
              41.2950813328247
            ],
            [
              69.24833919619218,
              41.29508507864696
            ],
            [
              69.2485524661221,
              41.29513512888597
            ],
            [
              69.24855345786217,
              41.2951353617342
            ],
            [
              69.24860311673108,
              41.29514701561806
            ],
            [
              69.24859591673409,
              41.29516442591059
            ],
            [
              69.24853753522375,
              41.2953056201337
            ],
            [
              69.24846411411895,
              41.29548306529948
            ],
            [
              69.24842940860626,
              41.29556693672895
            ],
            [
              69.24842180346906,
              41.29558533228927
            ],
            [
              69.24840368983969,
              41.29562078435839
            ],
            [
              69.2483697317253,
              41.29568724478749
            ],
            [
              69.24814771310284,
              41.29612177899534
            ],
            [
              69.24806178565265,
              41.29628995204655
            ],
            [
              69.24804643524106,
              41.29628649785482
            ],
            [
              69.24682390539449,
              41.29601137946663
            ],
            [
              69.24611734449094,
              41.29731875379072
            ],
            [
              69.24606304133204,
              41.29741923009568
            ],
            [
              69.24540175012886,
              41.29708096726127
            ],
            [
              69.24527898815879,
              41.29701817095038
            ],
            [
              69.24510442034622,
              41.2969821628456
            ],
            [
              69.24507517659049,
              41.29703271375662
            ],
            [
              69.2450260126933,
              41.29711165505972
            ],
            [
              69.24497173738214,
              41.29718758688313
            ],
            [
              69.24491131400117,
              41.29726195757348
            ],
            [
              69.2445975486421,
              41.2976251872748
            ],
            [
              69.2445782393551,
              41.29764754862091
            ],
            [
              69.24442000830429,
              41.29757200134947
            ],
            [
              69.24437049226752,
              41.29754835767239
            ],
            [
              69.24393467640408,
              41.29734025272026
            ],
            [
              69.24390061767839,
              41.29732398966317
            ],
            [
              69.24385624629323,
              41.29730280050737
            ],
            [
              69.24375563947301,
              41.29725475908562
            ],
            [
              69.24375364611137,
              41.29725383447197
            ],
            [
              69.24366483057754,
              41.29721383445867
            ],
            [
              69.2436636924121,
              41.2972133316575
            ],
            [
              69.24366074054807,
              41.29721210198805
            ],
            [
              69.24356925072965,
              41.29717565867899
            ],
            [
              69.24356504751243,
              41.29717408953349
            ],
            [
              69.24347114032759,
              41.29714130349528
            ],
            [
              69.24346683470243,
              41.29713990239944
            ],
            [
              69.24337076886593,
              41.29711086272484
            ],
            [
              69.24336807930999,
              41.2971100879374
            ],
            [
              69.24336637610419,
              41.2971096357531
            ],
            [
              69.24326841302585,
              41.29708442343566
            ],
            [
              69.24326393582244,
              41.29708336991323
            ],
            [
              69.2431643449968,
              41.29706205582236
            ],
            [
              69.24316207854733,
              41.29706159351414
            ],
            [
              69.24256396316316,
              41.29694627012945
            ],
            [
              69.24248970662515,
              41.29693194934729
            ],
            [
              69.24248846156019,
              41.29693175025067
            ],
            [
              69.24248779501025,
              41.29693159974709
            ],
            [
              69.24233374202387,
              41.29690459414073
            ],
            [
              69.24232989813275,
              41.29690398605211
            ],
            [
              69.24226940108996,
              41.29689546741214
            ],
            [
              69.24217442041831,
              41.2968820989088
            ],
            [
              69.24217354006933,
              41.29688197877584
            ],
            [
              69.24217054418787,
              41.29688161972677
            ],
            [
              69.2421561235326,
              41.29688007959507
            ],
            [
              69.24210230276901,
              41.29687433345932
            ],
            [
              69.24201392561302,
              41.29686489694533
            ],
            [
              69.24201002602639,
              41.29686454599497
            ],
            [
              69.24190867540108,
              41.29685712609452
            ],
            [
              69.24185258010314,
              41.29685301930007
            ],
            [
              69.24184866434683,
              41.29685279658155
            ],
            [
              69.24169069650245,
              41.29684648892265
            ],
            [
              69.24168677266128,
              41.29684639713562
            ],
            [
              69.24166344880325,
              41.29684623785814
            ],
            [
              69.24160361022552,
              41.29684635664136
            ],
            [
              69.24147702951716,
              41.29684660568119
            ],
            [
              69.24136656638164,
              41.29684950844617
            ],
            [
              69.24136264523541,
              41.2968496758225
            ],
            [
              69.24120494868224,
              41.29685905294708
            ],
            [
              69.24120104101074,
              41.2968593499051
            ],
            [
              69.24104404424517,
              41.29687393189119
            ],
            [
              69.24104015723493,
              41.29687435910567
            ],
            [
              69.24088416748079,
              41.29689411895359
            ],
            [
              69.24088345242183,
              41.29689421209037
            ],
            [
              69.24088031101329,
              41.29689467304989
            ],
            [
              69.24072563100283,
              41.2969195702606
            ],
            [
              69.24072180687466,
              41.29692025326336
            ],
            [
              69.24056873484855,
              41.29695024193733
            ],
            [
              69.2405649529412,
              41.29695104979695
            ],
            [
              69.24041378714013,
              41.2969860725602
            ],
            [
              69.24041192223761,
              41.29698652339556
            ],
            [
              69.23985578602499,
              41.29712548109944
            ],
            [
              69.2397947949088,
              41.29714071970533
            ],
            [
              69.23972600911084,
              41.29715593198656
            ],
            [
              69.23965753772325,
              41.29716725143322
            ],
            [
              69.23958817880019,
              41.29717496488049
            ],
            [
              69.23951673848059,
              41.29717912024756
            ],
            [
              69.2388493863442,
              41.29720040595438
            ],
            [
              69.23854427265965,
              41.29721013667659
            ],
            [
              69.23832320175978,
              41.29721718804108
            ],
            [
              69.23832100448062,
              41.29721731222282
            ],
            [
              69.2383196507195,
              41.29721735474158
            ],
            [
              69.23823783934994,
              41.29722242662123
            ],
            [
              69.23823078847325,
              41.29722307587582
            ],
            [
              69.23815222631009,
              41.29723272020735
            ],
            [
              69.23785991541494,
              41.29718512011934
            ],
            [
              69.23783809443839,
              41.29719206822661
            ],
            [
              69.23782944635713,
              41.29719497570053
            ],
            [
              69.23769194752481,
              41.29724369004222
            ],
            [
              69.23762938615347,
              41.29726585309842
            ],
            [
              69.23754217950231,
              41.29729523420342
            ],
            [
              69.23745567892698,
              41.29732145608948
            ],
            [
              69.23736570815971,
              41.29734577744795
            ],
            [
              69.23685314472996,
              41.29747611323779
            ],
            [
              69.23667836581333,
              41.29752055526713
            ],
            [
              69.23664349770559,
              41.2974533367704
            ],
            [
              69.23662923605212,
              41.29742584275338
            ],
            [
              69.23661668389266,
              41.29743049010558
            ],
            [
              69.236575074827,
              41.29744590276406
            ],
            [
              69.23202027767168,
              41.29891923742797
            ],
            [
              69.23174029795042,
              41.29864843186835
            ],
            [
              69.23128217152858,
              41.29820530963809
            ],
            [
              69.23149492223224,
              41.29810933944579
            ],
            [
              69.23157332180037,
              41.29808460331353
            ],
            [
              69.23422385404676,
              41.29722134273054
            ],
            [
              69.23520385313965,
              41.29689030641967
            ],
            [
              69.235502888823,
              41.29661701080266
            ],
            [
              69.235648865955,
              41.29637841654785
            ],
            [
              69.23542144037283,
              41.29628313207618
            ],
            [
              69.23528774321079,
              41.29619012326685
            ],
            [
              69.23523380566618,
              41.29607530655059
            ],
            [
              69.23517880361796,
              41.29595822192159
            ],
            [
              69.2350650822929,
              41.29572493887316
            ],
            [
              69.23503903114964,
              41.29564960737308
            ],
            [
              69.23503850653354,
              41.29564947238966
            ],
            [
              69.2350268212483,
              41.29564644808618
            ],
            [
              69.23395286915647,
              41.29536845588885
            ],
            [
              69.23395279100303,
              41.29536836140008
            ],
            [
              69.2337755731604,
              41.29515263772031
            ],
            [
              69.23377511052804,
              41.29515252568324
            ],
            [
              69.23305391427186,
              41.2949771577094
            ],
            [
              69.2330537040661,
              41.29497701732519
            ],
            [
              69.23204521400564,
              41.29430953429403
            ],
            [
              69.232051600129,
              41.2942778206316
            ],
            [
              69.23206602527583,
              41.29420620701066
            ],
            [
              69.23210521068684,
              41.294011652846
            ],
            [
              69.23211249153222,
              41.29397550404502
            ],
            [
              69.23212618634871,
              41.29390755903948
            ],
            [
              69.23242437222581,
              41.29378750282444
            ],
            [
              69.2325321997043,
              41.29374408888006
            ],
            [
              69.23261321247158,
              41.29371135173802
            ],
            [
              69.23253406550513,
              41.29358697623114
            ],
            [
              69.23252379596482,
              41.29357083777678
            ]
          ]
        ]
      },
      "properties": {
        "id": "MQ-0023",
        "name": "MQ-0023",
        "type": "project",
        "status": "active",
        "order_no": 27,
        "area_declared_ha": 37,
        "area_test_ha": 37,
        "area_computed_ha": 37.08,
        "area_mismatch": false,
        "created_at": null,
        "source_kml_id": "ID_00014"
      }
    },
    {
      "type": "Feature",
      "id": "MQ-0019",
      "geometry": {
        "type": "Polygon",
        "coordinates": [
          [
            [
              69.18759362368,
              41.29875518525463
            ],
            [
              69.18975223308692,
              41.29844961958653
            ],
            [
              69.18978253865136,
              41.29940348055001
            ],
            [
              69.18999379545673,
              41.29940446924664
            ],
            [
              69.19017928229155,
              41.2994292075778
            ],
            [
              69.19029599680313,
              41.2994447729612
            ],
            [
              69.1903189173176,
              41.29944783015758
            ],
            [
              69.1903288248369,
              41.29945909049216
            ],
            [
              69.19036040151742,
              41.29949497305211
            ],
            [
              69.19038134214505,
              41.29951877192014
            ],
            [
              69.19039166558427,
              41.2995305019568
            ],
            [
              69.19041744453799,
              41.29955979835694
            ],
            [
              69.19055911245154,
              41.29956280763169
            ],
            [
              69.19056107706706,
              41.29956500233026
            ],
            [
              69.19063076387522,
              41.29956429236012
            ],
            [
              69.19063198019413,
              41.29957329521289
            ],
            [
              69.19118795291337,
              41.29959339573054
            ],
            [
              69.19122520694653,
              41.29959474278351
            ],
            [
              69.19143442816944,
              41.29960193898857
            ],
            [
              69.19144829546246,
              41.29960241612601
            ],
            [
              69.19152164560036,
              41.29960493948791
            ],
            [
              69.19152150546319,
              41.29966700241815
            ],
            [
              69.19149018120922,
              41.29966669062568
            ],
            [
              69.1914895317273,
              41.29971991668509
            ],
            [
              69.19148469250283,
              41.30011662654657
            ],
            [
              69.19146167407202,
              41.30056623947682
            ],
            [
              69.19146299908705,
              41.30062340736707
            ],
            [
              69.19145240525492,
              41.30067880503626
            ],
            [
              69.19140066858276,
              41.30107343521734
            ],
            [
              69.19139822247023,
              41.30114883536264
            ],
            [
              69.19138824218743,
              41.3011682105951
            ],
            [
              69.19138447285648,
              41.30119695759871
            ],
            [
              69.19133315839252,
              41.30140494834166
            ],
            [
              69.1912368796553,
              41.30154157580192
            ],
            [
              69.19118784421721,
              41.3016111588277
            ],
            [
              69.19113264004805,
              41.3016894980178
            ],
            [
              69.19112684591447,
              41.30174977330081
            ],
            [
              69.1911099854349,
              41.3019251635566
            ],
            [
              69.1910921413001,
              41.30211078272097
            ],
            [
              69.19109110464426,
              41.3021215594031
            ],
            [
              69.1910830952652,
              41.30212112075056
            ],
            [
              69.19107443730248,
              41.30212064565608
            ],
            [
              69.19107150070982,
              41.30215118059181
            ],
            [
              69.19108294165326,
              41.30215180685241
            ],
            [
              69.19108265239576,
              41.30220953482731
            ],
            [
              69.19106632551545,
              41.30237929359468
            ],
            [
              69.19106231543604,
              41.30267059691182
            ],
            [
              69.1910622848933,
              41.30267282592291
            ],
            [
              69.19109719432358,
              41.30271467233554
            ],
            [
              69.19196838407937,
              41.30271571699401
            ],
            [
              69.191982486731,
              41.30267945896814
            ],
            [
              69.19209363078956,
              41.30239367999067
            ],
            [
              69.19211185311508,
              41.30234610458951
            ],
            [
              69.19211932979319,
              41.30232708940098
            ],
            [
              69.19215815408148,
              41.30222834827028
            ],
            [
              69.19216405421625,
              41.30189620969432
            ],
            [
              69.19216426352371,
              41.30188432554191
            ],
            [
              69.19216554092804,
              41.30181240241641
            ],
            [
              69.19227294080845,
              41.30181469759243
            ],
            [
              69.19230816105582,
              41.30181545072872
            ],
            [
              69.19232184778745,
              41.30181574294014
            ],
            [
              69.19237570358538,
              41.30170408634743
            ],
            [
              69.19249047593934,
              41.30146615721468
            ],
            [
              69.19255243364282,
              41.30143935189386
            ],
            [
              69.19286147476181,
              41.30157376238088
            ],
            [
              69.19301612512785,
              41.30164102387086
            ],
            [
              69.19303840963511,
              41.30166561625995
            ],
            [
              69.193060827093,
              41.30169035373341
            ],
            [
              69.19318678616723,
              41.30169168387177
            ],
            [
              69.19354425546317,
              41.3016954563086
            ],
            [
              69.1935408840859,
              41.30177402619744
            ],
            [
              69.19351356721644,
              41.30241010374691
            ],
            [
              69.19349616415444,
              41.30281544468195
            ],
            [
              69.19345783214295,
              41.30370798986731
            ],
            [
              69.1934224124696,
              41.30453278729742
            ],
            [
              69.19332623793699,
              41.30677247729892
            ],
            [
              69.19285358036709,
              41.30651722823127
            ],
            [
              69.19084924044054,
              41.30543475842372
            ],
            [
              69.19045942281122,
              41.30522061742076
            ],
            [
              69.19045773936836,
              41.30521970911564
            ],
            [
              69.19033287084892,
              41.30515358298779
            ],
            [
              69.1903294383862,
              41.30515183048355
            ],
            [
              69.19020158656171,
              41.30508900347893
            ],
            [
              69.19019808133548,
              41.30508734612248
            ],
            [
              69.19006740520774,
              41.30502788910701
            ],
            [
              69.19006541813431,
              41.30502700576757
            ],
            [
              69.19006382182806,
              41.3050263228497
            ],
            [
              69.18993047500896,
              41.30497031276242
            ],
            [
              69.18992682784892,
              41.30496884165343
            ],
            [
              69.18979097113692,
              41.30491634193662
            ],
            [
              69.18978725480659,
              41.30491496665105
            ],
            [
              69.18964905349169,
              41.30486604412075
            ],
            [
              69.18964717241951,
              41.3048653929178
            ],
            [
              69.1892451134478,
              41.30472942362564
            ],
            [
              69.18921430303018,
              41.30471900368112
            ],
            [
              69.1889156114016,
              41.3046179893151
            ],
            [
              69.18864861413283,
              41.30452769439184
            ],
            [
              69.1885257201104,
              41.30448394815878
            ],
            [
              69.18840625855063,
              41.30443705450741
            ],
            [
              69.18828826124482,
              41.30438624007945
            ],
            [
              69.18708353331222,
              41.3038437271226
            ],
            [
              69.18700035650345,
              41.30380299895742
            ],
            [
              69.18692330261165,
              41.30375866175916
            ],
            [
              69.1868509433155,
              41.30371006295636
            ],
            [
              69.18678365590746,
              41.30365745020363
            ],
            [
              69.18672186798557,
              41.30360116158343
            ],
            [
              69.18666591102824,
              41.30354149941251
            ],
            [
              69.18661609944571,
              41.30347879975006
            ],
            [
              69.18657173973867,
              41.3034119342602
            ],
            [
              69.18610246432583,
              41.3026312892372
            ],
            [
              69.18610003797622,
              41.30262749053556
            ],
            [
              69.18607377393228,
              41.30258873418352
            ],
            [
              69.18607085530591,
              41.30258468646149
            ],
            [
              69.1860682277337,
              41.30258141616105
            ],
            [
              69.18603726280585,
              41.3025446694722
            ],
            [
              69.18603083895327,
              41.3025377799719
            ],
            [
              69.18599544443279,
              41.30250336417705
            ],
            [
              69.18599255814573,
              41.30250066546729
            ],
            [
              69.18598819951998,
              41.30249696191137
            ],
            [
              69.1859486853256,
              41.3024651766469
            ],
            [
              69.18594068223472,
              41.30245931357987
            ],
            [
              69.18589738972624,
              41.30243043891181
            ],
            [
              69.18589503344525,
              41.302428908359
            ],
            [
              69.1858887120006,
              41.30242517375608
            ],
            [
              69.18584202475866,
              41.30239945803282
            ],
            [
              69.18583744784229,
              41.30239705692638
            ],
            [
              69.18493983683736,
              41.3019495412356
            ],
            [
              69.18480725807783,
              41.30188344350962
            ],
            [
              69.18472179595493,
              41.30183697382036
            ],
            [
              69.18470777505,
              41.30182934933021
            ],
            [
              69.18470510525695,
              41.30182793888719
            ],
            [
              69.18460167772675,
              41.30177487516337
            ],
            [
              69.18459895493311,
              41.30177352005715
            ],
            [
              69.18449363285595,
              41.30172260030096
            ],
            [
              69.18449225304364,
              41.30172194231811
            ],
            [
              69.1840238768444,
              41.30150225597416
            ],
            [
              69.1836298173703,
              41.30131741926321
            ],
            [
              69.18360159410072,
              41.3015162592452
            ],
            [
              69.18357675388648,
              41.30169126478708
            ],
            [
              69.1835363898858,
              41.30197563032915
            ],
            [
              69.18350081390561,
              41.30222627378441
            ],
            [
              69.1835006306493,
              41.30222761673394
            ],
            [
              69.18341544161426,
              41.30288064392315
            ],
            [
              69.18341536885073,
              41.30288173514302
            ],
            [
              69.18341516493317,
              41.30288292016597
            ],
            [
              69.1833923216738,
              41.30308857935811
            ],
            [
              69.18339190395719,
              41.30309313655306
            ],
            [
              69.18337697755044,
              41.30329920875784
            ],
            [
              69.18337673410699,
              41.30330377201165
            ],
            [
              69.18336973173935,
              41.30351008379233
            ],
            [
              69.18336966526404,
              41.30351438384544
            ],
            [
              69.18337059861358,
              41.30372103237659
            ],
            [
              69.18337070820807,
              41.30372559830023
            ],
            [
              69.1833795727833,
              41.30393186758162
            ],
            [
              69.1833798566509,
              41.30393643146597
            ],
            [
              69.18339664975684,
              41.30414242407532
            ],
            [
              69.18339710879597,
              41.30414697849736
            ],
            [
              69.18340943637659,
              41.30424952815207
            ],
            [
              69.18341640191329,
              41.304307516103
            ],
            [
              69.18342180977132,
              41.30435251493336
            ],
            [
              69.1834224439819,
              41.30435705854352
            ],
            [
              69.18345503845369,
              41.30456197010435
            ],
            [
              69.18345584603911,
              41.30456649750411
            ],
            [
              69.18348514369379,
              41.30471430691134
            ],
            [
              69.18339643236456,
              41.30466642143464
            ],
            [
              69.18339288132422,
              41.30466450763443
            ],
            [
              69.18325394069585,
              41.30458410975412
            ],
            [
              69.18311756745258,
              41.30449961490926
            ],
            [
              69.18172177863885,
              41.30360502163828
            ],
            [
              69.18134332918943,
              41.30335010973721
            ],
            [
              69.18099408846146,
              41.3031148697731
            ],
            [
              69.18007506790838,
              41.30244574038873
            ],
            [
              69.18006061940532,
              41.30243522020193
            ],
            [
              69.1787272131982,
              41.3014643425245
            ],
            [
              69.17818631870102,
              41.30107292704703
            ],
            [
              69.17797236515315,
              41.300918094865
            ],
            [
              69.1779840109125,
              41.30090871494971
            ],
            [
              69.17802788822422,
              41.3008733663094
            ],
            [
              69.17832928018859,
              41.30063056026719
            ],
            [
              69.17830759485763,
              41.30061559174805
            ],
            [
              69.17824191633224,
              41.30057025560541
            ],
            [
              69.17822020495016,
              41.3005552681762
            ],
            [
              69.17786756589547,
              41.30031184681908
            ],
            [
              69.17778394442064,
              41.30028584749236
            ],
            [
              69.17767529588195,
              41.30027609023421
            ],
            [
              69.17756669315736,
              41.30028434185934
            ],
            [
              69.1773460202112,
              41.30046483400365
            ],
            [
              69.17694898372024,
              41.30017750594236
            ],
            [
              69.1755580260461,
              41.29917086783234
            ],
            [
              69.17454272046758,
              41.2984360550093
            ],
            [
              69.17453878135504,
              41.29843329741588
            ],
            [
              69.17446035124422,
              41.29837984151916
            ],
            [
              69.17445539164555,
              41.29837658450567
            ],
            [
              69.17445218286335,
              41.29837460235706
            ],
            [
              69.1743696303837,
              41.29832477394281
            ],
            [
              69.17436107123568,
              41.29831991271433
            ],
            [
              69.17434445060628,
              41.29831106356342
            ],
            [
              69.17441202098362,
              41.29822677115641
            ],
            [
              69.17474283546849,
              41.29781407571948
            ],
            [
              69.17498606511143,
              41.29751063831945
            ],
            [
              69.17499769380278,
              41.29749612733998
            ],
            [
              69.17512133073197,
              41.29734188462743
            ],
            [
              69.17520468810213,
              41.29723788994644
            ],
            [
              69.17539531599533,
              41.29700006600247
            ],
            [
              69.17560478425494,
              41.2967387308521
            ],
            [
              69.1760622396353,
              41.29696852034927
            ],
            [
              69.17651540556014,
              41.29693765025944
            ],
            [
              69.17684736809194,
              41.29736657717289
            ],
            [
              69.17752796409053,
              41.29752741830161
            ],
            [
              69.17754908617782,
              41.29754173827811
            ],
            [
              69.17754936375721,
              41.29754138125734
            ],
            [
              69.17798087489382,
              41.29772660931123
            ],
            [
              69.17808247884406,
              41.29777022172379
            ],
            [
              69.17827542349234,
              41.2978530414267
            ],
            [
              69.17878763927408,
              41.29807290136232
            ],
            [
              69.1793642579735,
              41.29733917355581
            ],
            [
              69.17959600714714,
              41.29704427551476
            ],
            [
              69.18089798489575,
              41.29766489885513
            ],
            [
              69.18090635000766,
              41.29766888074268
            ],
            [
              69.18076688386485,
              41.29782589177432
            ],
            [
              69.1805681226251,
              41.29804965470342
            ],
            [
              69.18010982193007,
              41.29856559427861
            ],
            [
              69.18011549299446,
              41.29857107301018
            ],
            [
              69.18012555861723,
              41.29858080757724
            ],
            [
              69.18024475607227,
              41.29869605585915
            ],
            [
              69.18024775375038,
              41.29869895381761
            ],
            [
              69.1803887497241,
              41.29871588736795
            ],
            [
              69.18052407643009,
              41.29873214062957
            ],
            [
              69.18053211994513,
              41.2986453192938
            ],
            [
              69.18053268857872,
              41.29863186341393
            ],
            [
              69.18053583537716,
              41.29855740655025
            ],
            [
              69.18059109973342,
              41.29855393223201
            ],
            [
              69.18063506508007,
              41.29855047613547
            ],
            [
              69.18066828837254,
              41.29854786364766
            ],
            [
              69.18070151256335,
              41.2985452511597
            ],
            [
              69.18074330398697,
              41.29854398979569
            ],
            [
              69.1807850954106,
              41.29854272843168
            ],
            [
              69.18081105043412,
              41.29854085629474
            ],
            [
              69.18083700366098,
              41.29853898280793
            ],
            [
              69.18090010851309,
              41.29853645400569
            ],
            [
              69.180900427415,
              41.29853017552975
            ],
            [
              69.18096895898972,
              41.29853006889757
            ],
            [
              69.18103744924193,
              41.29852996226538
            ],
            [
              69.1810374070211,
              41.29851375282104
            ],
            [
              69.18103732257946,
              41.29849768037486
            ],
            [
              69.1811328323588,
              41.2984973955723
            ],
            [
              69.18120233591063,
              41.29849728624053
            ],
            [
              69.18122834483306,
              41.29849724574724
            ],
            [
              69.18122828644258,
              41.29847676088056
            ],
            [
              69.18122823164532,
              41.29845627668238
            ],
            [
              69.18124503463274,
              41.29839236003067
            ],
            [
              69.18124928456233,
              41.29837619037054
            ],
            [
              69.18120799529694,
              41.29837389979771
            ],
            [
              69.18122561844616,
              41.29834779711531
            ],
            [
              69.18130689711474,
              41.29825916386302
            ],
            [
              69.18131221963282,
              41.298261208105
            ],
            [
              69.18132467746916,
              41.29824275323409
            ],
            [
              69.18132680827304,
              41.29824357052611
            ],
            [
              69.18134391309434,
              41.29821823649181
            ],
            [
              69.18137941900596,
              41.29817897944995
            ],
            [
              69.1813974886179,
              41.29816197489666
            ],
            [
              69.18141555822986,
              41.29814497033901
            ],
            [
              69.18141001562452,
              41.29814319739969
            ],
            [
              69.18147347890441,
              41.29806368301189
            ],
            [
              69.18153694487924,
              41.29798416987697
            ],
            [
              69.18154109419753,
              41.29797737235518
            ],
            [
              69.18157466334141,
              41.29792237327811
            ],
            [
              69.18162484323317,
              41.29793362442759
            ],
            [
              69.18163716272896,
              41.29793608036474
            ],
            [
              69.18165911485957,
              41.29793991983323
            ],
            [
              69.18173917810756,
              41.29795392521898
            ],
            [
              69.18174195120689,
              41.2979543773974
            ],
            [
              69.18174540882241,
              41.29795494025837
            ],
            [
              69.18181155626834,
              41.297964917204
            ],
            [
              69.18196983582813,
              41.29798879154347
            ],
            [
              69.18209424710511,
              41.29800755828664
            ],
            [
              69.18411562268271,
              41.29831244101291
            ],
            [
              69.18432534067398,
              41.29834407105219
            ],
            [
              69.18430203298563,
              41.29843883352413
            ],
            [
              69.18406191331017,
              41.29941508912934
            ],
            [
              69.18405682076083,
              41.29943579168687
            ],
            [
              69.18404535107126,
              41.29948242438277
            ],
            [
              69.18402942753455,
              41.29954719301045
            ],
            [
              69.18402349775538,
              41.29957126855881
            ],
            [
              69.18401821835643,
              41.29959272962763
            ],
            [
              69.18401453436546,
              41.29960771255396
            ],
            [
              69.18442624124333,
              41.29966189765966
            ],
            [
              69.18464174528334,
              41.29979736663832
            ],
            [
              69.1850189092436,
              41.30003444814666
            ],
            [
              69.18527331392869,
              41.30006099354457
            ],
            [
              69.18532985299433,
              41.30024857851073
            ],
            [
              69.18545872081346,
              41.3003294669669
            ],
            [
              69.1855443706842,
              41.29988000830002
            ],
            [
              69.18555399343752,
              41.29980523499555
            ],
            [
              69.18557225259399,
              41.29966335269131
            ],
            [
              69.18557350304887,
              41.29965364055676
            ],
            [
              69.1856413483107,
              41.29927547627121
            ],
            [
              69.18564292934559,
              41.29926666301858
            ],
            [
              69.18564274429266,
              41.29920093173299
            ],
            [
              69.1856566538065,
              41.29915198399461
            ],
            [
              69.18568636288958,
              41.29904743947142
            ],
            [
              69.1856965309203,
              41.29901165654785
            ],
            [
              69.1857827539162,
              41.29856385104576
            ],
            [
              69.18593327113364,
              41.29858655086316
            ],
            [
              69.18603804344184,
              41.29860235130818
            ],
            [
              69.18703493894694,
              41.29875267400771
            ],
            [
              69.18703962276282,
              41.29875333741965
            ],
            [
              69.18704146880073,
              41.29875357700379
            ],
            [
              69.18712070649701,
              41.2987635619259
            ],
            [
              69.18713392071481,
              41.29876490157231
            ],
            [
              69.1872138456223,
              41.29877105584681
            ],
            [
              69.1872271532649,
              41.29877175840188
            ],
            [
              69.18730744019342,
              41.29877405368489
            ],
            [
              69.18731535345276,
              41.29877416571575
            ],
            [
              69.18732077568383,
              41.29877411307477
            ],
            [
              69.18740109225676,
              41.29877254059328
            ],
            [
              69.18741441157745,
              41.29877195884263
            ],
            [
              69.1874944299097,
              41.29876652467033
            ],
            [
              69.18750766478877,
              41.29876530447854
            ],
            [
              69.18758705430032,
              41.29875603291011
            ],
            [
              69.18759136351878,
              41.29875549502682
            ],
            [
              69.18759362368,
              41.29875518525463
            ]
          ]
        ]
      },
      "properties": {
        "id": "MQ-0019",
        "name": "MQ-0019",
        "type": "project",
        "status": "active",
        "order_no": 26,
        "area_declared_ha": 74.5,
        "area_test_ha": 74.5,
        "area_computed_ha": 74.54,
        "area_mismatch": false,
        "created_at": null,
        "source_kml_id": "ID_00015"
      }
    },
    {
      "type": "Feature",
      "id": "MQ-0059",
      "geometry": {
        "type": "Polygon",
        "coordinates": [
          [
            [
              69.22115270640109,
              41.32207052998197
            ],
            [
              69.22114949672059,
              41.32196021486239
            ],
            [
              69.22115675780304,
              41.32183314877074
            ],
            [
              69.22117305863216,
              41.32106624775048
            ],
            [
              69.22118018496731,
              41.32073107674899
            ],
            [
              69.22118602940655,
              41.32045606418809
            ],
            [
              69.22118606533917,
              41.32045440047568
            ],
            [
              69.2211861156448,
              41.32045210190782
            ],
            [
              69.22116397756297,
              41.32041442009101
            ],
            [
              69.22109698570063,
              41.32030037601023
            ],
            [
              69.22110159854962,
              41.32018531366318
            ],
            [
              69.22082215063104,
              41.3201966223657
            ],
            [
              69.22066692983479,
              41.32019528248492
            ],
            [
              69.21896931427213,
              41.32018062880221
            ],
            [
              69.21892890984728,
              41.32024667559589
            ],
            [
              69.2186722153565,
              41.32024667424655
            ],
            [
              69.21866339479874,
              41.3202584282156
            ],
            [
              69.21864195650448,
              41.3202869913905
            ],
            [
              69.21845117230446,
              41.32054120626658
            ],
            [
              69.21629779468573,
              41.32048230037383
            ],
            [
              69.2161266647258,
              41.32066437332913
            ],
            [
              69.21608423819322,
              41.3209405245038
            ],
            [
              69.21608388335869,
              41.32094283789688
            ],
            [
              69.21589077431868,
              41.32093504157984
            ],
            [
              69.21564593758973,
              41.32092515652854
            ],
            [
              69.21551670685125,
              41.32091993806819
            ],
            [
              69.21551470450648,
              41.320924384048
            ],
            [
              69.21507096729884,
              41.32190933920633
            ],
            [
              69.21505855078499,
              41.32211705676264
            ],
            [
              69.21505409334456,
              41.32225951897459
            ],
            [
              69.21504993324646,
              41.32229347030749
            ],
            [
              69.21407211795803,
              41.32231504938093
            ],
            [
              69.21407221228111,
              41.32227813435937
            ],
            [
              69.21407431972877,
              41.32212715549499
            ],
            [
              69.2140874045892,
              41.32191531184083
            ],
            [
              69.21409445366926,
              41.32158541758544
            ],
            [
              69.21411204717407,
              41.32076196795867
            ],
            [
              69.21418919359236,
              41.31715103193206
            ],
            [
              69.21418926455927,
              41.31714904833007
            ],
            [
              69.21419721375122,
              41.31699195630594
            ],
            [
              69.21419753175482,
              41.31698799448976
            ],
            [
              69.21421465364413,
              41.31683132173954
            ],
            [
              69.21421520161647,
              41.31682737543162
            ],
            [
              69.21423515948715,
              41.31670887138532
            ],
            [
              69.21137336774042,
              41.31668150355903
            ],
            [
              69.2113950656478,
              41.31562143826714
            ],
            [
              69.21047926106341,
              41.31557798150647
            ],
            [
              69.20976325617124,
              41.31555489289781
            ],
            [
              69.20976862450341,
              41.3154030503444
            ],
            [
              69.20978540413459,
              41.31492840649111
            ],
            [
              69.20978570596851,
              41.31478926338987
            ],
            [
              69.20978709476395,
              41.31476594239841
            ],
            [
              69.20979114796253,
              41.31474279884981
            ],
            [
              69.2097979131749,
              41.31471979158641
            ],
            [
              69.20980731314606,
              41.31469731801833
            ],
            [
              69.20981927421406,
              41.31467554615156
            ],
            [
              69.20983370654741,
              41.31465464264253
            ],
            [
              69.20983550227969,
              41.3146525172733
            ],
            [
              69.20981988237351,
              41.31453320567945
            ],
            [
              69.20979413216588,
              41.31440335941805
            ],
            [
              69.20975981023382,
              41.31427466532721
            ],
            [
              69.20964494984499,
              41.31397868198826
            ],
            [
              69.20953876358851,
              41.31377754342067
            ],
            [
              69.20938001690473,
              41.31354396245682
            ],
            [
              69.20918900004106,
              41.31332115278823
            ],
            [
              69.20839515972277,
              41.31248417946222
            ],
            [
              69.20791385407165,
              41.31189455545284
            ],
            [
              69.2077230159727,
              41.31162097993898
            ],
            [
              69.20730294398291,
              41.31088941332038
            ],
            [
              69.20703674082486,
              41.31026409530401
            ],
            [
              69.20692248410387,
              41.3099187991699
            ],
            [
              69.20680898466266,
              41.30946629521232
            ],
            [
              69.20673394838698,
              41.30901632258311
            ],
            [
              69.2067038611132,
              41.30869266347969
            ],
            [
              69.2066903037389,
              41.30832645888299
            ],
            [
              69.206693916763,
              41.3081389619326
            ],
            [
              69.20671673217457,
              41.30778721028505
            ],
            [
              69.20567003946005,
              41.30751871493139
            ],
            [
              69.2040069389672,
              41.30709091219602
            ],
            [
              69.20408660515984,
              41.30696745698724
            ],
            [
              69.20416297633204,
              41.30684614471335
            ],
            [
              69.20550947009457,
              41.30466110989659
            ],
            [
              69.20595881907781,
              41.3038952073574
            ],
            [
              69.20579704327493,
              41.30383841821683
            ],
            [
              69.20563587203821,
              41.30378598102415
            ],
            [
              69.20552520857834,
              41.30374536889429
            ],
            [
              69.20710937680211,
              41.30117912038038
            ],
            [
              69.20727589301474,
              41.30091264737424
            ],
            [
              69.21008962758872,
              41.30097637057016
            ],
            [
              69.21066829534527,
              41.30106387716107
            ],
            [
              69.2107144040722,
              41.30108186355517
            ],
            [
              69.21319551405598,
              41.3030553569719
            ],
            [
              69.21544204517305,
              41.3049155004346
            ],
            [
              69.2156412070614,
              41.30507564812698
            ],
            [
              69.21643089177319,
              41.30572501697783
            ],
            [
              69.21719486131161,
              41.30635210265939
            ],
            [
              69.21766699785864,
              41.30676438372361
            ],
            [
              69.21801770104388,
              41.30701783010928
            ],
            [
              69.21917255810516,
              41.30770209270875
            ],
            [
              69.21977524321915,
              41.3079378222168
            ],
            [
              69.22013386146034,
              41.30818911889237
            ],
            [
              69.22053367644047,
              41.30851048285601
            ],
            [
              69.22089425211068,
              41.30880776163491
            ],
            [
              69.22138691965355,
              41.30921216197468
            ],
            [
              69.2221673418364,
              41.30991563112748
            ],
            [
              69.2224371687983,
              41.3102482632714
            ],
            [
              69.22273686474338,
              41.3106566708583
            ],
            [
              69.22295898397715,
              41.31097922912728
            ],
            [
              69.22329337555347,
              41.31148368062598
            ],
            [
              69.2236045115437,
              41.31184901528042
            ],
            [
              69.22393359048341,
              41.3121301308048
            ],
            [
              69.22421701883702,
              41.31231068934908
            ],
            [
              69.22455010066965,
              41.31250517813115
            ],
            [
              69.22499281828944,
              41.3126984504504
            ],
            [
              69.22568426773329,
              41.31299603198292
            ],
            [
              69.22598570371508,
              41.31318614171072
            ],
            [
              69.2261845143622,
              41.31335068117388
            ],
            [
              69.22648884561414,
              41.31371773942179
            ],
            [
              69.22698274295063,
              41.31420983980643
            ],
            [
              69.22735558511603,
              41.31461799249556
            ],
            [
              69.22771307956482,
              41.31519797786193
            ],
            [
              69.22803161497804,
              41.31571275485536
            ],
            [
              69.22832649774985,
              41.31597846298563
            ],
            [
              69.22827892656565,
              41.31605363066455
            ],
            [
              69.22812091919539,
              41.31628568927552
            ],
            [
              69.22810749207684,
              41.31637164374641
            ],
            [
              69.22811013851367,
              41.31637342833486
            ],
            [
              69.22810562627596,
              41.31641016250732
            ],
            [
              69.2280583003319,
              41.31679548245425
            ],
            [
              69.22804241272776,
              41.31681369390626
            ],
            [
              69.22793042425286,
              41.31694205373227
            ],
            [
              69.22790411619144,
              41.31694543058924
            ],
            [
              69.2270794259297,
              41.31705131874876
            ],
            [
              69.22702610642601,
              41.31705816488442
            ],
            [
              69.22698316336216,
              41.31706367849588
            ],
            [
              69.22607004024893,
              41.31686647753652
            ],
            [
              69.22482091577834,
              41.31690133374902
            ],
            [
              69.22415975213599,
              41.3166937243882
            ],
            [
              69.22414242543077,
              41.31670134714027
            ],
            [
              69.22410613169667,
              41.31671732064191
            ],
            [
              69.22392958579388,
              41.31679502163535
            ],
            [
              69.22391494594969,
              41.31679402780487
            ],
            [
              69.22391274148397,
              41.31679499869562
            ],
            [
              69.22390241355318,
              41.31679954278807
            ],
            [
              69.22387346085156,
              41.31717997227349
            ],
            [
              69.22385363323663,
              41.31744051843012
            ],
            [
              69.2239011693865,
              41.31765473264523
            ],
            [
              69.22371102568526,
              41.31878827440779
            ],
            [
              69.22443594815324,
              41.31929702183616
            ],
            [
              69.22506579921976,
              41.31952015515989
            ],
            [
              69.2256124626977,
              41.31962726028727
            ],
            [
              69.22577301589347,
              41.31978282660899
            ],
            [
              69.22596101441782,
              41.31999478041894
            ],
            [
              69.22605062046911,
              41.32010449031863
            ],
            [
              69.22606866941979,
              41.32013457290361
            ],
            [
              69.22520166760985,
              41.32069740930775
            ],
            [
              69.2247342319467,
              41.32098082232818
            ],
            [
              69.22450338737657,
              41.32110707375086
            ],
            [
              69.22420242301028,
              41.32127539420809
            ],
            [
              69.22371143801197,
              41.32152353675868
            ],
            [
              69.2232993197057,
              41.3217207634316
            ],
            [
              69.22298359242605,
              41.32185379698531
            ],
            [
              69.22257703289478,
              41.321964934677
            ],
            [
              69.22198622710206,
              41.32213381084821
            ],
            [
              69.22163522118461,
              41.32222497461372
            ],
            [
              69.22117290502027,
              41.32229869607887
            ],
            [
              69.22115818073443,
              41.32222200551411
            ],
            [
              69.22115270640109,
              41.32207052998197
            ]
          ]
        ]
      },
      "properties": {
        "id": "MQ-0059",
        "name": "MQ-0059",
        "type": "project",
        "status": "active",
        "order_no": 16,
        "area_declared_ha": 233.8,
        "area_test_ha": 233.8,
        "area_computed_ha": 234,
        "area_mismatch": false,
        "created_at": null,
        "source_kml_id": "ID_00016"
      }
    },
    {
      "type": "Feature",
      "id": "MQ-0026",
      "geometry": {
        "type": "MultiPolygon",
        "coordinates": [
          [
            [
              [
                69.22478215527047,
                41.27459761865655
              ],
              [
                69.22493673556795,
                41.27449727531238
              ],
              [
                69.22512820428422,
                41.27470721590495
              ],
              [
                69.22514304265609,
                41.27479782081193
              ],
              [
                69.22527699044811,
                41.27496654100084
              ],
              [
                69.22552908466628,
                41.27544970483742
              ],
              [
                69.22569207948303,
                41.27582883426386
              ],
              [
                69.2256515358193,
                41.27584097093295
              ],
              [
                69.22564842136022,
                41.27584190260131
              ],
              [
                69.22564730116103,
                41.27584048619535
              ],
              [
                69.22561672071215,
                41.27585033149865
              ],
              [
                69.22561344725125,
                41.27585133472981
              ],
              [
                69.22533031893494,
                41.27593810741235
              ],
              [
                69.22530487505286,
                41.27594590505925
              ],
              [
                69.22529695550531,
                41.27593112261026
              ],
              [
                69.2252910077598,
                41.27592001956845
              ],
              [
                69.22522123920496,
                41.27593391423578
              ],
              [
                69.22476877666094,
                41.27602402595262
              ],
              [
                69.22471876385583,
                41.27603398464839
              ],
              [
                69.22471620725052,
                41.27603450381565
              ],
              [
                69.2244276010076,
                41.27524182307337
              ],
              [
                69.22442583491974,
                41.27523734022205
              ],
              [
                69.22441476587885,
                41.2752112370589
              ],
              [
                69.22441147355332,
                41.27520346430398
              ],
              [
                69.22440956642998,
                41.2751992629787
              ],
              [
                69.224407210149,
                41.27519469100749
              ],
              [
                69.22438916748649,
                41.27516182506029
              ],
              [
                69.2243839545629,
                41.27515335084038
              ],
              [
                69.22436235906348,
                41.27512171765877
              ],
              [
                69.22435941169104,
                41.27511761152141
              ],
              [
                69.22430502678543,
                41.27504547254746
              ],
              [
                69.22423510372033,
                41.27495273254438
              ],
              [
                69.22426519099415,
                41.274933198296
              ],
              [
                69.22431508162838,
                41.2749008135861
              ],
              [
                69.22438642492992,
                41.27485450155963
              ],
              [
                69.22438741038181,
                41.27485386018404
              ],
              [
                69.22445182407925,
                41.27481204720824
              ],
              [
                69.22478215527047,
                41.27459761865655
              ]
            ]
          ],
          [
            [
              [
                69.22181193776727,
                41.27734199762325
              ],
              [
                69.22147154005498,
                41.27706215931856
              ],
              [
                69.22140663497909,
                41.2769963415239
              ],
              [
                69.22125085812564,
                41.27685825369554
              ],
              [
                69.22127587979958,
                41.2768423507679
              ],
              [
                69.22128867270754,
                41.27683422039803
              ],
              [
                69.22257045543027,
                41.27601953167801
              ],
              [
                69.22358893475669,
                41.27537217196726
              ],
              [
                69.2235912928343,
                41.27537065698262
              ],
              [
                69.22397246507734,
                41.27512322319736
              ],
              [
                69.22400462925607,
                41.27510234414181
              ],
              [
                69.22409852386451,
                41.275226877759
              ],
              [
                69.22411586673938,
                41.27525227608222
              ],
              [
                69.22412916539889,
                41.27527650304877
              ],
              [
                69.2241406988688,
                41.27530370191784
              ],
              [
                69.22461959523835,
                41.27661903020946
              ],
              [
                69.22464366739301,
                41.27668514543444
              ],
              [
                69.22440968051602,
                41.27673729453712
              ],
              [
                69.22425684474685,
                41.27675940379975
              ],
              [
                69.22399098744019,
                41.27681562916894
              ],
              [
                69.22317120108156,
                41.27698464524142
              ],
              [
                69.22300469834366,
                41.27701897188356
              ],
              [
                69.22299807147179,
                41.2770249999387
              ],
              [
                69.22299326907832,
                41.27702936722353
              ],
              [
                69.222986846124,
                41.27703520962254
              ],
              [
                69.22300091014809,
                41.27707151903401
              ],
              [
                69.2229446630349,
                41.277087621063
              ],
              [
                69.22280298164662,
                41.27711643673808
              ],
              [
                69.22278900655574,
                41.27711927894608
              ],
              [
                69.22263079077632,
                41.27715389986466
              ],
              [
                69.22254114070759,
                41.27717351648673
              ],
              [
                69.22219909458674,
                41.277248362315
              ],
              [
                69.22213830648978,
                41.2772616639554
              ],
              [
                69.22209246007095,
                41.27727169604903
              ],
              [
                69.22206750487236,
                41.27727715699083
              ],
              [
                69.22192722216094,
                41.27731594525967
              ],
              [
                69.22187771780227,
                41.27732713245238
              ],
              [
                69.22181193776727,
                41.27734199762325
              ]
            ]
          ]
        ]
      },
      "properties": {
        "id": "MQ-0026",
        "name": "MQ-0026",
        "type": "project",
        "status": "active",
        "order_no": 8,
        "area_declared_ha": 4.5,
        "area_test_ha": 4.5,
        "area_computed_ha": 4.53,
        "area_mismatch": false,
        "created_at": null,
        "source_kml_id": "ID_00017"
      }
    }
  ]
}